day,quarter,actual_regime,pred_regime,correct,rev_hard,rev_soft,rev_stoch,rev_perfect,rev_oracle
1621,Q1,7,7,True,199425.59005258,203430.8127886899,211759.9971061399,199425.59005258,263516.30641149695
1622,Q1,7,3,False,216362.4652836998,213112.36459133975,213387.43907206983,216393.79032659993,275788.63613832067
1623,Q1,4,5,False,67560.0232922,67554.78941999999,51253.95645439999,67108.50357620002,159995.6993143
1624,Q1,5,5,True,181487.94800249964,173185.19999999998,117533.00169499981,181487.94800249964,275769.80462739995
1625,Q1,5,7,False,248489.99134068,240671.44331227994,262494.87093603995,259032.49439864964,393876.58966303116
1626,Q1,7,7,True,205233.87506366998,204852.66092992996,205598.59626428,205233.87506366998,267347.3859116
1627,Q1,7,7,True,273007.1903266001,272702.0422982001,260148.19032660007,273007.1903266001,324329.5765219434
1628,Q1,10,7,False,163378.10781309998,194297.78495537996,182127.90066879994,267557.1999999999,324733.0991088
1629,Q1,0,7,False,217699.27553272,208598.2422982,178538.87756087998,190398.35645440003,286392.99278325646
1630,Q1,7,7,True,202697.2811280101,218423.0516290301,209939.82140333008,202697.2811280101,270583.7563995876
1631,Q1,7,7,True,211186.29915357003,183537.45644840997,203466.25644841004,211186.29915357003,268220.329013
1632,Q1,0,7,False,267110.62592397997,271410.24229819997,302003.97439604,370805.35645439994,498811.09829696914
1633,Q1,7,7,True,208367.58741111995,183807.53131963994,182794.0112106398,208367.58741111995,308487.3604169256
1634,Q1,7,7,True,222406.69461196003,219837.90449924004,219708.32025560003,222406.69461196003,265269.76466
1635,Q1,5,7,False,249074.19032659996,246337.0422982,247007.29426979998,280988.64093367936,418367.86712400004
1636,Q1,7,7,True,249068.74944100995,245835.00781475988,245118.14944101003,249068.74944100995,295078.55907200003
1637,Q1,7,3,False,165788.7239090999,169034.11892935995,191552.78908352007,188751.60933784008,251086.5826968
1638,Q1,7,5,False,182454.7795038597,186332.47264599972,209463.8,183570.38643878992,301581.860690205
1639,Q1,7,7,True,240972.69268774,240407.20611066002,249808.28397185987,240972.69268774,304968.6929385
1640,Q1,7,7,True,214554.5903266,204495.4422982,219953.18706863394,214554.5903266,263011.2953204145
1641,Q1,7,7,True,196740.59032659998,198708.1784914499,185537.2938149498,196740.59032659998,324508.2693139472
1642,Q1,7,7,True,246864.19032659993,236684.53835499994,212526.40000000002,246864.19032659993,417578.39298005006
1643,Q1,7,7,True,222612.19032660004,214109.84229820003,216214.29893019103,222612.19032660004,293652.57894749194
1644,Q1,7,7,True,237472.1903266,230194.2422982,241304.0739431015,237472.1903266,306725.379756
1645,Q1,7,7,True,243790.99032659997,241098.64229819996,222898.24229819997,243790.99032659997,291600.353756
1646,Q1,7,7,True,210012.86398298998,250393.19049828994,248845.01035878982,210012.86398298998,294521.96242
1647,Q1,7,7,True,190748.2440710101,215712.45244754007,189810.35446206006,190748.2440710101,297483.97909003973
1648,Q1,0,7,False,118666.20923585996,121458.59900283995,132344.00225395,141613.62909951998,249922.474828
1649,Q1,3,7,False,115229.33247575,120822.4671273699,97264.95322345986,127517.4369748998,194276.67146614747
1650,Q1,3,11,False,65324.400000000016,51889.59999999999,50721.79999999999,82604.39369229991,137186.96883192097
1651,Q1,7,7,True,208536.24930895003,200188.41631240002,158374.8,208536.24930895003,294311.79940725
1652,Q1,7,7,True,190995.79032659996,180024.44229819995,181719.93205059718,190995.79032659996,261730.6691788
1653,Q1,7,7,True,180495.59032659995,172610.24229819997,180708.5722272,180495.59032659995,220693.97242933125
1654,Q1,5,7,False,204218.59032659998,192462.13835499997,188622.49426979994,224249.44859400977,291894.2694292581
1655,Q1,0,0,True,238296.65617663995,243140.85617663994,241461.25338360984,238296.65617663995,359769.40221490193
1656,Q1,7,7,True,200592.24006630998,232043.39459556996,217987.59459557,200592.24006630998,277564.196304
1657,Q1,7,0,False,146713.68637440004,153004.68637440001,109454.12451864984,152675.5748819599,292254.98125989997
1658,Q1,7,7,True,214302.39032659997,202502.73835499998,201197.8525807298,214302.39032659997,291576.55184
1659,Q1,7,7,True,217051.99032659992,210780.6422981999,224752.72025559997,217051.99032659992,301563.73812040006
1660,Q1,7,7,True,298569.9903266,290035.8422982,288154.4601368997,298569.9903266,397332.87424379995
1661,Q1,7,7,True,272885.5903266,264346.59032659995,276045.2942698,272885.5903266,365482.8914778688
1662,Q1,7,7,True,204878.9689382499,224300.59999999995,221563.19999999992,204878.9689382499,277956.3925072
1663,Q1,7,7,True,180793.59103664,176956.20000000004,168423.80000000005,180793.59103664,246976.4427364165
1664,Q1,10,7,False,99221.71629528001,99771.40000000004,33436.48798607989,209341.60000000012,286640.7663422789
1665,Q1,7,7,True,239785.38531958,233735.63729117997,237722.97341146984,239785.38531958,315414.2457633483
1666,Q1,7,7,True,268949.7903266001,260614.04229820007,244498.90448280008,268949.7903266001,326764.24440067855
1667,Q1,7,7,True,236964.10632360008,243165.91707092008,247450.83319190005,236964.10632360008,299792.44180760003
1668,Q1,7,7,True,251899.04079522,248881.02431642002,254391.87331038003,251899.04079522,317363.48822175
1669,Q1,7,7,True,249895.44041647998,245526.02672639998,241454.32137515987,249895.44041647998,293821.2880152
1670,Q1,7,7,True,243018.98512944006,236347.23710104005,240091.92025560007,243018.98512944006,292052.03780543024
1671,Q1,7,7,True,235375.78969279997,236968.32224869996,233815.72224869998,235375.78969279997,270828.75986234506
1672,Q1,7,3,False,75917.81589299985,64291.28486089991,87915.10916189982,85342.00007863998,238222.53890043212
1673,Q1,7,7,True,244572.99032659997,237213.21631239995,244253.09426979994,244572.99032659997,283762.85533258313
1674,Q1,7,7,True,236714.19032659996,231834.24229819994,240560.3202556,236714.19032659996,310158.1761889659
1675,Q1,7,7,True,212032.38791816,200601.43988976002,213111.86857682982,212032.38791816,317374.76585477864
1676,Q1,7,7,True,247158.1929251801,238385.44489678007,214207.99375403998,247158.1929251801,311000.83360759873
1677,Q1,7,7,True,246963.87920539995,248246.75089373995,249145.40691609995,246963.87920539995,290254.45219057344
1678,Q1,7,3,False,146967.81982389974,202436.65285451978,189649.03633920982,207784.20947037,283409.75825320004
1679,Q1,7,7,True,182904.67146372003,183079.58640776,142522.65882382,182904.67146372003,251611.8965692
1680,Q1,7,7,True,190599.13198334,196489.55425646983,175059.47452495995,190599.13198334,247369.05325170004
1681,Q1,7,3,False,194896.1125516999,205976.03034824986,194635.90153444998,206432.71306016002,257089.6558828929
1682,Q1,7,7,True,225926.07043767988,221932.42784631986,216919.57119054493,225926.07043767988,279108.4508820332
1683,Q1,7,7,True,245979.71360626,240559.82622943987,245385.1212153899,245979.71360626,300345.98262778553
1684,Q1,7,7,True,216008.71622485993,216061.69468549997,205664.99999999997,216008.71622485993,269488.51573954744
1685,Q1,7,7,True,195032.17000497002,204159.62860419,192235.81064971982,195032.17000497002,260598.250596
1686,Q1,10,7,False,130650.01887904003,136023.66507146004,109891.81887904002,156975.0,216043.45096021923
1687,Q1,7,7,True,177115.35275537006,208325.31970711003,218044.39287900995,177115.35275537006,275170.72312219447
1688,Q1,7,7,True,208787.26343838996,196073.36089978,192834.87348853,208787.26343838996,303104.2841637844
1689,Q1,7,7,True,255003.81879485006,243485.06918195006,216253.207547954,255003.81879485006,301043.03757283324
1690,Q1,7,3,False,192169.89950099983,191292.82939389985,183590.29950099983,178600.60078058,244772.7928833148
1691,Q1,11,11,True,210121.4,202966.80000000002,218878.00000000003,210121.4,338701.38318905316
1692,Q1,7,7,True,181575.36298195994,156376.5999999999,186817.24030281967,181575.36298195994,283443.90282865
1693,Q1,7,7,True,186480.94538824997,221170.14922714996,226238.6863670399,186480.94538824997,276384.30332813616
1694,Q1,7,7,True,220864.42596631005,218336.03845217003,203342.77550697976,220864.42596631005,272211.0180967043
1695,Q1,7,7,True,121546.03347032997,127301.30280746988,119883.80342820998,121546.03347032997,211721.71565079497
1696,Q1,7,7,True,128164.71548328995,135106.91334641998,168089.40000000002,128164.71548328995,245999.67666758722
1697,Q1,7,3,False,102390.30675809988,99551.68766307987,100877.1479647399,101039.51497044999,134481.52891601136
1698,Q1,9,11,False,52829.6,52502.4,34134.8,41265.40000000001,98237.57256525772
1699,Q1,1,7,False,22808.36107996997,9582.04256481986,668.3008975999264,43691.200000000004,123862.12369958255
1700,Q1,7,7,True,46166.82484098999,41337.27199016989,36251.600780136636,46166.82484098999,94643.30947257267
1701,Q1,5,0,False,26765.035343359938,35764.04051282998,32739.575590679975,47277.58241203975,93998.03336418254
1702,Q1,7,5,False,131710.46937459978,136268.22493639973,165315.62976439993,149202.64666156998,223559.0069824487
1703,Q1,5,11,False,31739.20000000002,30263.400000000012,30511.599999999973,80900.2092867497,244379.5188341375
1704,Q1,7,5,False,83675.63376865975,85728.01274495976,82484.19998883999,108729.24536331998,165784.54594062737
1705,Q1,7,5,False,216846.2929445596,228050.22209535964,240657.54962391965,237331.99667018995,310942.02027021354
1706,Q1,7,5,False,225637.12537124963,241220.87703999967,209561.20495962966,244549.40164949,339776.66080720985
1707,Q1,7,7,True,264723.77537833987,262881.1483887499,238873.12415809967,264723.77537833987,326838.85935178667
1708,Q1,7,5,False,158492.2714963297,167360.89116299976,163027.30588585994,183492.88404350998,239393.84384842962
1709,Q1,3,7,False,53472.35802443996,40333.42987007998,61219.395688858414,105515.06972869986,150371.45172933486
1710,Q1,7,7,True,121046.19200632,122004.40791749998,121361.38442799998,121046.19200632,184035.8547388
1711,Q1,7,3,False,148335.01279659983,146035.47220211974,149311.9776479798,166456.52402783994,234204.71495320683
1712,Q2,11,9,False,135503.73072818996,134384.73072818996,118489.00188320977,142047.03360860993,202707.21442955625
1713,Q2,11,9,False,111078.00349676998,111916.44553575998,118346.22739903978,132849.42005577992,200058.5148511858
1714,Q2,9,9,True,163841.91861537998,165165.72543539,171640.36885519986,163841.91861537998,229768.82945027936
1715,Q2,11,0,False,95586.93479043976,119813.54342775985,114929.50107813977,200827.75537219987,243402.09267419655
1716,Q2,11,9,False,172288.03965808,171852.43965808,188279.00000000003,201610.29162817996,248147.8192976
1717,Q2,8,11,False,65557.50842551993,89243.46739651001,103200.04294033989,132086.54687009993,172757.4681718773
1718,Q2,11,0,False,111245.71418383978,122346.40000000001,143338.2342784798,130875.28238999989,212710.90128881083
1719,Q2,11,11,True,233865.40030428988,229790.02636577998,228090.33875657004,233865.40030428988,270122.12155197636
1720,Q2,11,11,True,208909.9026306099,214816.3026306098,216225.90287627096,208909.9026306099,263672.9980336039
1721,Q2,11,9,False,184703.67077164998,182658.12694437997,180376.07077164997,172315.7016329599,240050.45168114468
1722,Q2,11,9,False,128438.29271142001,123211.69271142001,106086.03575535992,122239.19223989996,201573.10024783388
1723,Q2,6,0,False,-29025.194112399993,-6897.389041999981,-27606.794746199987,33971.19999999998,98105.15104952038
1724,Q2,4,5,False,-3784.0,-3520.0,-3647.587140599999,-2424.0,0.0
1725,Q2,8,1,False,32160.000000000007,7018.200000000003,11217.870227219853,77383.21465177985,118160.46934246863
1726,Q2,2,11,False,32162.94910247997,21954.19999999999,28030.01792979998,17351.264381879984,84963.78813479497
1727,Q2,2,11,False,28122.13752794001,19849.016662200007,21371.600000000013,27546.977946739993,103920.37222883945
1728,Q2,2,5,False,9974.2,24843.814126999998,21738.399999999998,46885.772139759974,101695.44742024886
1729,Q2,2,5,False,5708.800000000011,26955.599999999988,5128.45595281997,53902.62998547998,102021.40952178769
1730,Q2,2,5,False,-26272.00000000001,-29986.19157720001,-32066.9915772,-5499.096621220035,87263.4138556
1731,Q2,2,10,False,-10210.99157720002,-4120.9909434000165,-3066.9928448000114,10354.773535819973,73227.2504198
1732,Q2,11,5,False,68580.00000000003,81713.80000000003,78571.6,112943.99397987995,169854.75266072128
1733,Q2,0,11,False,264193.51478309993,201565.15238098003,215626.80000000002,220925.0912578798,336243.77292018547
1734,Q2,0,9,False,86194.65241365998,88238.57833663998,97540.4,93233.94214993974,158029.94325080636
1735,Q2,11,9,False,132241.98152528,130354.918756,126213.71875600003,131731.03804166993,182037.98674676253
1736,Q2,9,9,True,174348.1042589,175642.61983674002,150563.45099242,174348.1042589,256631.22930582904
1737,Q2,8,9,False,64960.69499147998,64737.494991479994,71102.3404986598,73731.03562321985,126103.31643413471
1738,Q2,8,9,False,78325.53575100005,69777.00000000006,78593.20000000006,88715.57923861989,133585.6614228734
1739,Q2,0,0,True,74486.93331853974,79246.93331853976,91862.19999999997,74486.93331853974,153352.22725907032
1740,Q2,11,0,False,89675.19536135974,92209.72934667974,107910.71761091976,110685.4852033599,153285.65026902076
1741,Q2,8,9,False,61318.82300884999,63886.67645559993,61524.22300885,75562.48607889989,100006.50683980182
1742,Q2,11,9,False,47473.91765140002,71884.81461093997,58802.3441266,99393.51607677992,128202.12470899124
1743,Q2,11,0,False,204037.73438901978,193218.60000000003,199391.20000000004,208960.43229526991,263541.8035209
1744,Q2,11,9,False,171298.5010497301,170269.50104973005,163533.01507958001,190036.92709741998,224080.29039015493
1745,Q2,9,11,False,143861.9251380799,172331.03108606007,170028.62766354004,176154.19455424006,240779.14977368282
1746,Q2,11,9,False,112481.87657915002,113359.27944929998,135661.0,152319.85521652992,185978.41274467658
1747,Q2,9,9,True,64525.569520580015,64629.96952058002,58155.302510279995,64525.569520580015,128685.43773532202
1748,Q2,0,9,False,153968.82695997,154298.80423446,162472.95336656005,148445.55432655985,231901.66875817435
1749,Q2,9,0,False,147067.47127571976,148382.8110374398,131306.4423479798,156591.47516513,217415.47446456066
1750,Q2,11,9,False,91766.21788384003,93036.37553146994,81327.21788384003,122900.3905036299,170632.70728736164
1751,Q2,8,9,False,59538.74980828996,59045.176753879976,58329.97299223983,72327.88543292985,119651.93510342682
1752,Q2,9,0,False,127653.47716331977,131235.1002512798,122960.65407535984,129680.81239842,179391.97650190786
1753,Q2,0,0,True,74451.23322933978,81007.79040250978,84406.00000000006,74451.23322933978,122054.81659930431
1754,Q2,0,0,True,69137.87885823977,73640.14094335976,65793.18474239996,69137.87885823977,113962.37675638241
1755,Q2,0,0,True,57858.25767181962,60772.58302822963,77351.81266155974,57858.25767181962,169474.45753047927
1756,Q2,8,8,True,91359.56696518997,91828.65815136993,68067.93758578981,91359.56696518997,130912.76587553497
1757,Q2,9,0,False,83080.55749337976,87300.95749337978,88177.55634289981,83596.0754926,126273.75253378304
1758,Q2,0,9,False,65034.18698806998,64850.73780979996,71656.72883711997,58942.58608391978,130453.31236582417
1759,Q2,9,0,False,198745.38630693973,212538.19108648985,197299.99999999994,206216.12591491992,254999.79578712463
1760,Q2,11,8,False,78169.6681520999,102297.63734059989,98125.91117829988,114943.94742497992,141277.42785717297
1761,Q2,0,0,True,55517.48621773973,58485.91499143977,59275.03239724974,55517.48621773973,142052.72812490416
1762,Q2,8,11,False,78462.05788485991,98641.4537349199,93461.33610771986,102171.32437633988,130835.89817008536
1763,Q2,8,9,False,48443.93143254,48777.8371516999,43418.05963263998,63598.340640779905,92887.96134588384
1764,Q2,4,0,False,6771.520428239817,12293.999999999982,43408.189791599885,58581.79999999999,131018.86365266153
1765,Q2,11,9,False,186693.54953105998,187807.54953106,180947.54953105995,188519.41136177996,250410.50061860002
1766,Q2,9,9,True,175006.29897975002,166544.71607776,174150.83420606717,175006.29897975002,213102.887281754
1767,Q2,1,9,False,42062.63368483998,36196.99999999998,49449.211539919874,63633.99999999998,109405.01078193316
1768,Q2,8,0,False,107180.45486179976,38407.99999999998,37995.79999999996,116436.97300929988,149007.119176452
1769,Q2,1,1,True,123321.59999999995,54342.08651279991,76312.2,123321.59999999995,175933.0407029409
1770,Q2,11,9,False,77092.62710856998,98691.79999999999,114264.37211508997,111848.87270283992,152137.68042350584
1771,Q2,11,9,False,166792.36270680997,199940.4196392299,179287.84533537982,199633.7613480899,243908.34831030856
1772,Q2,7,8,False,-101275.69818744008,-101891.3490631201,-82091.36952440007,223849.6000000001,264207.0740784204
1773,Q2,11,6,False,102588.40000000002,111976.00000000001,107795.80000000002,165325.16470652993,215716.6076572354
1774,Q2,9,11,False,141547.5861910099,164467.07845896,141558.0,165452.95002634,196665.19117799093
1775,Q2,1,9,False,45369.32747744002,55709.40000000003,44115.800000000025,54452.999999999985,84345.37565118584
1776,Q2,1,5,False,13668.99999999997,11111.199999999963,14204.400000000012,48537.60000000003,86427.33665968166
1777,Q2,11,5,False,154033.60000000012,157127.20000000007,163002.65635466005,158707.62568242996,204269.1121507644
1778,Q2,11,11,True,180982.88808294997,193686.76371847003,190507.74324673004,180982.88808294997,216777.41737980003
1779,Q2,0,9,False,101355.96395989,96991.29544771,99476.95744979999,128575.9034344998,187619.79231006565
1780,Q2,1,7,False,26578.399999999983,-53079.99999999998,-118415.39999999994,71989.80000000003,239257.72823805184
1781,Q2,9,0,False,176259.14317579984,175758.60187449981,189742.52749142004,173564.67164359,219307.7746934669
1782,Q2,9,9,True,198590.40820620005,194358.84229820006,198057.93369860007,198590.40820620005,223992.39982
1783,Q2,7,1,False,40410.60000000002,38690.799999999996,25975.000000000044,43772.00000000002,70275.40305900706
1784,Q2,11,5,False,183989.59999999998,206237.99999999997,202759.39999999997,238098.5754380398,279838.08156450005
1785,Q2,9,9,True,156451.44954740003,141896.28936204992,154550.64809848,156451.44954740003,247601.3567453568
1786,Q2,1,9,False,35903.22180336999,37467.42180336999,42185.268538270015,55449.00000000002,81985.52421494677
1787,Q2,7,1,False,40511.2,37544.8,49806.400000000016,44441.00000000002,78291.1258908401
1788,Q2,5,5,True,182861.39999999994,165218.19999999995,137752.99999999994,182861.39999999994,236349.53377974068
1789,Q2,11,9,False,218048.82992532998,247024.81842878,225316.82992533,260325.78065962996,294875.5143614
1790,Q2,11,9,False,66925.92058316006,80852.47897860002,68721.20000000004,82307.13157761992,114402.25020356275
1791,Q2,3,9,False,28037.776381259977,32331.199999999993,34918.20898186995,41848.20000000001,80292.89072721428
1792,Q2,5,5,True,59940.999999999985,64251.999999999985,67875.11305463978,59940.999999999985,90743.33898431536
1793,Q2,5,9,False,101120.34071447,124212.49614476999,124110.28222477993,205820.0000000001,246821.4115018
1794,Q2,5,9,False,138686.98061051994,190990.0577089999,191873.98061051997,192466.79999999996,239094.0324996
1795,Q2,8,9,False,147916.09729185005,94037.52836931986,120112.67439273998,274603.39086607995,350359.38652971433
1796,Q2,6,7,False,47233.79999999997,34961.3294897198,42615.19999999998,23346.999999999993,70271.8834892
1797,Q2,0,0,True,31233.431935839755,33360.399999999994,36481.19999999998,31233.431935839755,65352.995
1798,Q2,1,9,False,63822.699517299974,64322.347179699995,68483.58581439994,127586.39999999998,176372.92687403815
1799,Q2,1,7,False,31197.999999999985,30858.79999999999,29545.79999999999,75328.59999999999,128582.23624446084
1800,Q2,11,7,False,11562.599999999988,11484.199999999997,12306.8,37582.16728583995,83143.80858782126
1801,Q2,10,9,False,71246.01068880997,86036.80177119996,65046.79743408003,110948.60177369982,133124.76695638243
1802,Q2,7,1,False,25828.799999999992,51460.60000000002,54397.40000000005,124840.6,275632.6058922969
1803,Q3,7,10,False,32336.399999999965,32923.999999999956,32650.69303465987,29617.599999999988,60417.010800000004
1804,Q3,6,6,True,52598.39999999999,42749.40000000001,40560.60000000001,52598.39999999999,87951.53084874038
1805,Q3,11,3,False,27350.060063179793,38432.06499717984,34150.39999999997,52229.39999999997,96619.95324889342
1806,Q3,10,10,True,80481.40000000004,26606.199999999993,57015.79999999998,80481.40000000004,154576.98726016656
1807,Q3,4,3,False,45085.71064043982,46922.42724589997,49303.80000000001,61818.504911499884,90572.75798893148
1808,Q3,5,3,False,207103.13603638986,215867.80002722002,214018.18644994983,219254.8,256975.7951597196
1809,Q3,10,3,False,-482.05106930024886,-2496.6114168000367,-51076.36325354001,159383.19999999995,222001.4118678613
1810,Q3,3,11,False,83868.60000000002,109998.00000000004,101596.60000000005,119501.61378729987,178147.25943451037
1811,Q3,11,10,False,34170.99999999998,33124.999999999985,33472.99999999998,14776.999999999985,76684.86045285805
1812,Q3,1,3,False,235988.47887927978,245379.32473747982,244758.58836444,221208.19775311957,327503.225844963
1813,Q3,0,3,False,100560.61500096988,105986.07364060004,103699.26524243994,119493.14663439986,151817.23487635714
1814,Q3,1,3,False,89953.83148924985,95418.1065082,96847.75512948,88291.70310419978,125817.1937216823
1815,Q3,3,3,True,242843.67373232977,250707.66833969989,234764.61887036992,242843.67373232977,284261.073905879
1816,Q3,3,3,True,226961.76675066972,228980.54094967985,230017.69330596982,226961.76675066972,259965.712336
1817,Q3,3,3,True,66533.86669916983,68895.57999,65280.52998399998,66533.86669916983,102989.49987604088
1818,Q3,5,5,True,174415.5999999999,161305.39999999988,142334.16107849986,174415.5999999999,214526.28945535998
1819,Q3,8,6,False,30692.200000000023,34567.80000000002,24910.835991119784,18049.717829629895,67896.56159999999
1820,Q3,5,3,False,34828.229551379816,40026.29097500986,41330.2,39232.59999999999,64243.62085983883
1821,Q3,3,3,True,197830.78513408982,206639.02398110996,203954.55832311983,197830.78513408982,233698.24348580002
1822,Q3,3,3,True,78537.36383667984,77895.03716242002,80809.43716242004,78537.36383667984,129749.94792180878
1823,Q3,3,0,False,250500.2359879998,253548.35201240002,260420.53927302,254754.54232140986,302224.7793874535
1824,Q3,6,3,False,22388.97656689977,18051.01059703996,35176.34818958439,105753.20000000003,161975.44249729792
1825,Q3,5,6,False,35283.600000000035,40486.400000000016,32698.20575889972,42260.60000000001,68750.3916
1826,Q3,5,3,False,186122.19216023985,228073.10007300004,233887.04116569998,239746.20000000004,269445.11787136155
1827,Q3,1,3,False,283164.4722301699,302258.9643408,263608.6942698001,301965.6834047596,367637.7798548145
1828,Q3,3,3,True,232926.59217531988,234435.85775023996,230957.16996893997,232926.59217531988,268630.8786456
1829,Q3,3,3,True,233189.1176545397,231971.77063447988,242836.63588387967,233189.1176545397,285804.83205127023
1830,Q3,3,3,True,238694.99214769984,233244.07263456,230337.05625524002,238694.99214769984,285668.7200530777
1831,Q3,3,3,True,36742.72453479984,38527.06640159997,39290.77516168,36742.72453479984,61731.909
1832,Q3,6,6,True,42172.19999999999,44429.19999999999,48865.97341469989,42172.19999999999,70117.84980174976
1833,Q3,10,6,False,77147.80000000002,79020.59999999999,-32984.39999999998,263068.80000000005,314897.5010342574
1834,Q3,5,0,False,167570.84958159985,217193.00741391996,183080.04583051006,223472.19999999998,259135.90921120002
1835,Q3,3,3,True,208238.46696596983,207464.05287264,209103.61912719996,208238.46696596983,236542.94072459996
1836,Q3,5,3,False,164508.04324284976,163633.75554687995,150044.84242239987,207485.80000000002,248190.93441054074
1837,Q3,3,3,True,207740.14141024993,207365.61998730007,209975.67518205012,207740.14141024993,246968.4367491058
1838,Q3,3,3,True,246805.17977334984,250272.9597664,254797.93300239998,246805.17977334984,284111.7782567624
1839,Q3,3,3,True,215018.56186557986,216218.464582,224871.34838800004,215018.56186557986,271201.05224588065
1840,Q3,11,3,False,43888.341757669856,44331.515488199955,39625.72463365982,45275.799999999996,95575.18835657214
1841,Q3,8,1,False,62973.597306400035,119441.20000000001,114939.172065,123454.36558178,212812.9990892
1842,Q3,4,6,False,117113.00000000001,141426.59999999992,45830.800000000025,214416.05608415982,298519.47504512774
1843,Q3,3,3,True,193701.00064311989,214323.6,198306.00000000003,193701.00064311989,260310.41857768298
1844,Q3,3,3,True,205189.02540868983,214824.10472907,212352.7733997599,205189.02540868983,252318.92445203714
1845,Q3,3,3,True,203804.78000018987,204472.85695663994,203325.66738705995,203804.78000018987,251238.83270031482
1846,Q3,3,3,True,223782.96232424985,233145.86762920005,217749.9082598799,223782.96232424985,263103.4236307827
1847,Q3,3,3,True,192364.34710991988,194928.63530431996,196380.25319976002,192364.34710991988,232498.8731854031
1848,Q3,6,3,False,27119.30916114984,23415.472786159968,46229.472786159895,55184.000000000044,104818.2243756401
1849,Q3,8,8,True,22242.38058975996,68634.80000000006,47972.08616237999,22242.38058975996,242220.38710846932
1850,Q3,4,7,False,260694.19999999995,262335.0,255531.0,267461.57400335994,317504.1655489999
1851,Q3,3,3,True,170915.61148693,185454.7424938,170209.78312920002,170915.61148693,250770.29999107303
1852,Q3,4,5,False,188468.59999999998,204401.39999999997,191667.99999999994,202890.2863979398,256115.1576426911
1853,Q3,3,3,True,172652.35964112988,182440.20000000004,198155.3082303099,172652.35964112988,235360.79223044423
1854,Q3,3,5,False,158167.59999999998,163533.99999999997,172834.7465480998,169920.64450752983,238512.42802672306
1855,Q3,8,3,False,142515.88746583994,133184.2202172,143776.89328715997,105867.55333612,252316.0662088902
1856,Q3,3,5,False,98697.0,95037.20000000001,104231.0,122018.33191821986,213417.83250892232
1857,Q3,1,6,False,182617.39999999994,117388.4,128279.02637360994,127146.98326515978,261576.92611751118
1858,Q3,3,3,True,212224.95495597983,206604.37883095987,198987.4,212224.95495597983,263013.78325060004
1859,Q3,5,3,False,137241.3488249898,186830.04131322986,184913.72938414977,192130.39999999994,221483.09666528314
1860,Q3,8,5,False,168339.8,167148.2,167500.32449032055,93601.16897889994,230411.95096313668
1861,Q3,6,5,False,85051.99999999999,96632.00000000003,93026.07051149993,125871.20000000001,167101.193297066
1862,Q3,5,3,False,111264.03237948984,123132.59999999999,123798.1074117698,167899.80000000005,200786.52462297882
1863,Q3,5,5,True,139316.0,135184.59999999998,135399.47600212978,139316.0,185024.93178126359
1864,Q3,11,5,False,33181.79999999996,32725.79999999999,34314.02292731986,35667.79999999994,64430.0118
1865,Q3,10,6,False,38026.39999999999,38141.999999999985,41224.39999999999,37990.600000000006,92249.23841756028
1866,Q3,1,6,False,85227.99999999994,3345.600000000005,-18003.816562440214,57455.37195695985,318683.5890071055
1867,Q3,6,6,True,46487.79999999998,44741.4,51555.399999999994,46487.79999999998,80641.26270062191
1868,Q3,10,6,False,44944.19999999999,40081.599999999984,66953.39999999998,104261.2,145556.01427886583
1869,Q3,5,3,False,58957.94507095985,117760.8,137321.65968399987,179174.0,257749.29176023236
1870,Q3,3,5,False,191639.8,178804.79999999996,184443.8,168310.1705308298,227248.9424388617
1871,Q3,8,4,False,51838.2957377199,45428.8,54701.688719039856,34585.45500905989,86005.7923157584
1872,Q3,5,5,True,174189.19999999992,162968.79999999993,173189.64822696985,174189.19999999992,202927.37668052118
1873,Q3,8,7,False,64251.2,68436.40000000002,75108.20000000003,56636.02033212,162201.51269305433
1874,Q3,6,7,False,92602.20000000003,94129.88233019986,93092.28760845993,163220.80000000002,209438.0618313679
1875,Q3,5,7,False,141220.39999999997,143754.99999999997,144225.79999999996,182032.59999999998,284672.5738629342
1876,Q3,3,5,False,139731.39999999997,118636.35977409988,131287.6,139919.5336559299,240009.70521420002
1877,Q3,6,4,False,8616.579965719917,5230.800000000023,2976.599999999994,105053.8,161443.61095849058
1878,Q3,11,6,False,26491.799999999992,30701.99999999998,30864.0,36209.59999999998,81729.56623493202
1879,Q3,5,5,True,172230.4,171552.59999999998,173144.48772863988,172230.4,202055.90641251038
1880,Q3,1,3,False,112499.60540590997,112993.38842806997,115606.40000000001,119003.79203907981,158894.27047504214
1881,Q3,3,3,True,163964.56000718992,165814.40000000005,153682.07352895994,163964.56000718992,207835.8766912
1882,Q3,5,8,False,75122.8812454499,134655.0703483999,145840.5580293999,155123.79999999996,213476.41307740027
1883,Q3,3,8,False,86641.84664273991,118241.0925466799,109655.50427751991,129862.98606868989,240131.32224058625
1884,Q3,5,4,False,182256.79549809985,180518.1841257998,182806.62961499978,196356.59999999995,275526.46958266734
1885,Q3,8,3,False,120583.7268405499,160424.40000000002,166915.7128780799,98951.40469046996,223258.58372908653
1886,Q3,1,5,False,169234.80000000002,132793.6,158889.59999999998,89750.2297248798,267737.69886773964
1887,Q3,8,5,False,40466.60000000003,46431.60000000002,31403.800000000025,38962.95982293995,232937.89542902447
1888,Q3,5,0,False,214775.85929279993,204989.99999999997,206839.99999999994,238083.7999999999,328292.49017070653
1889,Q3,4,5,False,238268.39999999997,238235.99999999997,224812.8,229898.78484509976,325229.09922911186
1890,Q3,10,6,False,52921.79999999997,51850.200000000004,45705.4,44004.39999999999,79400.47662704754
1891,Q3,5,11,False,204002.20000000004,206901.40000000002,202747.00000000006,207427.00000000003,245214.40922858808
1892,Q3,11,5,False,54438.19999999998,54391.399999999994,57686.71179361983,61140.6,102092.24427709497
1893,Q3,4,4,True,299114.5267609797,297594.8827933098,301431.2768786198,299114.5267609797,355771.36502160004
1894,Q4,0,0,True,117944.97790850977,110905.1679783599,148788.79999999993,117944.97790850977,311792.0379886104
1895,Q4,6,9,False,-64478.99248059993,70854.40000000001,28909.4,206615.6,461058.81900510495
1896,Q4,9,4,False,122311.00000000006,146885.40000000005,125797.00000000003,151363.5977075,189631.83732591476
1897,Q4,8,9,False,210916.6075194001,242324.62329220006,203869.6854768001,288501.0933632001,356088.96825999994
1898,Q4,8,9,False,158600.6285929798,182531.74143501977,175600.4,252632.67439743972,387985.26193017774
1899,Q4,3,3,True,188160.79999999993,160749.59999999998,178997.79999999996,188160.79999999993,246190.27739703894
1900,Q4,7,8,False,-10092.471064320096,-6729.999999999978,1165.8722827798856,111001.99999999999,155450.0881386318
1901,Q4,0,6,False,154974.0,161146.19999999995,60618.74300820001,64076.88586271982,283702.769763169
1902,Q4,5,10,False,-144881.88159158995,-143692.08159158996,-144312.28693854692,227638.6,376296.79687235097
1903,Q4,9,7,False,167440.8,204015.59999999998,199363.39999999997,165895.53083962976,270504.20841537876
1904,Q4,5,7,False,34857.99999999998,19753.800000000036,116607.76853475996,262190.80000000005,317423.21159206383
1905,Q4,7,8,False,-4619.801057280091,-24156.399999999947,-25665.799999999934,97907.19999999998,330987.3869255867
1906,Q4,8,3,False,124347.79999999996,106474.19999999995,123906.50277890965,125462.14290047986,166947.9476887952
1907,Q4,3,3,True,227323.19999999998,217860.2813875098,217491.40904992985,227323.19999999998,258739.16756367177
1908,Q4,3,3,True,230588.40000000002,230885.40000000002,232869.5722393599,230588.40000000002,263767.68005200004
1909,Q4,3,3,True,242708.4,241305.99999999997,242751.0,242708.4,301920.62620381574
1910,Q4,3,3,True,195386.40000000005,194459.60000000006,195811.32411637998,195386.40000000005,235205.541168
1911,Q4,2,3,False,140648.00000000006,160519.40000000005,167519.15844974987,176964.4978215499,304767.127727352
1912,Q4,5,3,False,93190.59999999998,81949.62013301984,75076.71846267987,210238.39999999994,411877.46568951197
1913,Q4,3,3,True,135255.8,135790.80000000002,135593.62151004982,135255.8,195990.87313452092
1914,Q4,8,3,False,54294.59999999999,48216.59999999998,55942.99999999997,55170.591198079856,77202.98243657353
1915,Q4,4,7,False,33916.20000000003,32696.60000000001,32624.400000000027,33170.20000000001,61525.45533374091
1916,Q4,3,7,False,42986.80000000005,153221.19999999998,125669.60000000003,151241.4,213984.9000832
1917,Q4,7,7,True,37701.2,38554.200000000004,39927.8,37701.2,65212.037506060944
1918,Q4,5,3,False,40778.20000000002,15986.084709639921,12667.927754709814,80533.80000000006,139406.30680822174
1919,Q4,3,3,True,216354.40000000005,208350.60000000003,207875.96044287996,216354.40000000005,250182.2586453172
1920,Q4,11,3,False,161937.8,155133.99356659994,161429.32573194994,164676.86238414,263945.48767609143
1921,Q4,8,0,False,84422.8006307297,78881.6,90534.03136469987,155825.76519935986,423750.62367614306
1922,Q4,11,0,False,111591.20679360979,113636.1883504399,162218.03344561998,209161.83344562002,291881.2036092742
1923,Q4,9,9,True,188280.17984456982,200679.23705742983,194813.87582793972,188280.17984456982,424766.785281829
1924,Q4,11,11,True,171023.92348097992,207939.19999999995,199778.78876431973,171023.92348097992,243956.3480958
1925,Q4,11,11,True,204314.6057906801,219234.20579068005,214038.91400003002,204314.6057906801,244886.161788
1926,Q4,9,11,False,118657.84823004002,122350.4444822499,117790.80482482989,118040.63297600992,187708.80014440484
1927,Q4,9,11,False,32307.893897259997,20672.6,36006.90153309984,21023.94688712984,93772.02368137451
1928,Q4,11,3,False,188218.60000000003,209239.40000000002,184794.99720798992,204461.32733668003,237919.04958800002
1929,Q4,9,11,False,164965.32025560003,163419.92025560007,162182.46828400003,144386.36515399982,329024.70724712353
1930,Q4,0,11,False,159809.6816750399,173688.92959031992,177546.3999999999,154664.78995535985,224513.33625852162
1931,Q4,9,9,True,104152.23013330987,108310.79156134988,105658.00000000001,104152.23013330987,177797.5731924561
1932,Q4,9,9,True,197863.7023754898,199874.19999999995,201851.19999999995,197863.7023754898,235292.38889200002
1933,Q4,11,3,False,159580.19999999998,212304.2,166267.78786777987,207418.7202556,248414.64709989083
1934,Q4,0,11,False,140380.1202556,141198.1202556,136571.37668453594,190324.84017178993,245271.11886000002
1935,Q4,9,11,False,169428.12025559996,178734.55846901986,188273.99999999997,222455.63867997983,310063.8173698
1936,Q4,9,11,False,243240.92025560007,253816.72025560008,187916.76452012977,246159.48906041996,308990.270008
1937,Q4,0,11,False,65811.92025560002,85062.20000000003,52924.213079200024,119935.10913600007,380050.38208826585
1938,Q4,9,9,True,66464.32564872004,72343.4,69297.79894328005,66464.32564872004,141212.1102656002
1939,Q4,9,9,True,163483.40645613984,167593.20000000004,161712.3745538,163483.40645613984,191140.4768786
1940,Q4,7,5,False,131771.20000000007,136998.6,139483.8,142443.2,255076.70566759998
1941,Q4,10,8,False,61212.9630041599,60673.158033239866,58372.572945999884,112923.92094234999,161817.75709716452
1942,Q4,3,5,False,-99323.59999999999,-97039.47182155016,-84729.79999999996,207182.6,253212.1074500723
1943,Q4,6,7,False,22838.600000000013,17264.40000000004,-266.7539203001047,45546.2,85967.11052530832
1944,Q4,3,3,True,207511.80000000005,189875.60000000003,204432.20000000004,207511.80000000005,268572.21792520006
1945,Q4,3,7,False,57842.999999999985,133569.60000000003,95989.60000000002,154243.00000000003,201857.325130077
1946,Q4,5,6,False,-38426.59999999999,-75435.19999999998,41947.54049855996,214339.39999999994,262430.46891920065
1947,Q4,7,9,False,41902.726877959845,36955.200000000004,65316.867770879784,45920.4,131663.5763400176
1948,Q4,5,3,False,28114.40000000001,12615.399999999994,29264.38656733986,72133.19999999998,112539.09979015496
1949,Q4,5,7,False,69824.20000000001,66418.2,-20142.200000000026,140529.79999999987,291768.5209853905
1950,Q4,6,7,False,75295.59999999999,71615.8,50799.55051351981,108175.8,247700.1129754297
1951,Q4,9,3,False,366586.8,349660.2849919996,361716.5999999999,299466.14131199976,466096.10407640005
1952,Q4,11,3,False,186169.00000000003,247145.00000000003,239942.8,250471.7948557601,306266.5087316
1953,Q4,3,11,False,108533.44888329999,116438.22408940982,134508.58398701387,151321.20000000004,334008.2185206409
1954,Q4,11,11,True,247474.97491841996,244904.45593611003,245137.3786812198,247474.97491841996,409078.02792260004
1955,Q4,11,11,True,216893.52025559993,212083.8106207099,214839.06828399998,216893.52025559993,285542.50813280005
1956,Q4,3,11,False,210821.53184254005,234891.52990995988,238394.89644962997,250705.2,290567.16871619166
1957,Q4,11,10,False,273963.1403400299,278496.5835797498,274330.44691482984,273453.07460574,312776.85920580005
1958,Q4,2,11,False,277078.5202556001,288771.68290406,281111.19454351976,303524.91388045985,383576.51640928077
1959,Q4,2,6,False,22030.799999999996,24566.96756423994,15292.400000000009,44909.394211119856,68249.33882042795
1960,Q4,11,3,False,197154.39999999997,210196.59999999998,196482.2665979199,247977.81800918002,296023.77730165934
1961,Q4,3,10,False,204209.55129225986,182477.75129225987,175639.60435013988,274079.6000000001,352171.8656369769
1962,Q4,10,10,True,274863.19313317,275352.6345601,275071.00000000006,274863.19313317,303450.0980826201
1963,Q4,3,0,False,141623.0867667197,119532.36932398984,161386.79999999996,166234.8,274775.10769080004
1964,Q4,11,3,False,123713.59999999999,220983.59999999998,195565.0593426999,240666.52025560004,270597.01427200006
1965,Q4,11,11,True,203877.78006700004,206970.90116299994,193310.80000000005,203877.78006700004,267883.2096662545
1966,Q4,11,11,True,198638.10096532005,197872.09448619996,187909.19806757988,198638.10096532005,222395.675188
1967,Q4,11,11,True,187813.21801475986,191982.0035513997,125033.65258796142,187813.21801475986,233030.54574343836
1968,Q4,3,10,False,158613.48040235997,171926.68040235998,166692.02916403982,194829.80000000002,267647.4891168876
1969,Q4,3,10,False,190787.40425141001,187233.80425141004,185571.20425140994,235893.00000000003,326125.819098
1970,Q4,10,11,False,195906.94148023997,197571.8277621599,202146.7065358299,206332.59586027998,243140.84750400003
1971,Q4,11,10,False,254337.84020797,254097.44020796998,253448.83431895985,252548.81157826,293226.5362144
1972,Q4,10,10,True,269479.22208404995,271846.47946100007,277640.9662274699,269479.22208404995,349770.27242
1973,Q4,3,10,False,153940.67929460996,160317.66872819996,133740.6687282,157125.99999999997,227871.24311259616
1974,Q4,3,11,False,217778.7537080401,237830.58413535988,216927.68087560008,229298.40000000002,307860.57961178455
1975,Q4,3,10,False,133367.01172796,138554.3038552,142876.004651413,147194.19999999998,197511.72416717611
1976,Q4,10,11,False,76937.84373472002,86731.00000000003,70894.64373472003,73240.67342384002,107535.52112334773
1977,Q4,11,11,True,274247.1897133799,272376.53373079,270772.43216627196,274247.1897133799,303306.13798800006
1978,Q4,10,10,True,270614.71824240003,274349.5182424,260179.55232320004,270614.71824240003,321593.18404120003
1979,Q4,11,10,False,282785.6422982001,317305.668284,319235.44513863995,327587.72025560006,368751.2787166
1980,Q4,11,11,True,195212.5202556,195972.6075058599,194573.37957016996,195212.5202556,216910.17967200006
1981,Q4,11,11,True,193306.3202556,195448.0711578399,171565.65597853545,193306.3202556,218659.821556
1982,Q4,11,11,True,195543.1202556,203683.04205759987,195178.6531824807,195543.1202556,264819.695556
1983,Q4,11,11,True,193778.9202556,197278.9048759999,184330.4380738769,193778.9202556,214720.52387200005
1984,Q4,2,11,False,102208.71768720004,86761.75444760002,85163.48085460001,186894.0344464699,321105.461976
1985,Q4,1,7,False,30485.200000000066,30485.200000000066,30975.294712029834,45803.00000000014,62005.1346
