day_idx,date,quarter,rev_single_rt,rev_single_da,rev_shandong_twosettle,oracle_rt,capture_single_rt,rt_mean,da_mean,da_rt_spread_mean
1522,2025-01-01,1,49849.823204391156,73805.92882504068,73805.92882504068,71819.9033793225,69.40948241200684,294.08833333333337,300.79541666666665,6.707083333333332
1523,2025-01-02,1,25629.937245552548,27709.010461419733,27709.010461419733,82932.40794656001,30.904610007306154,309.4025,279.8616666666667,-29.540833333333342
1524,2025-01-03,1,51127.80874599094,39178.55091014652,39178.55091014652,70579.22315136413,72.4403109911571,295.1066666666666,287.5733333333333,-7.5333333333333385
1525,2025-01-04,1,-3058.8320437143507,13729.27823165216,13729.27823165216,41466.12198067461,-7.376701503796104,348.77124999999995,314.5975,-34.17374999999999
1526,2025-01-05,1,9650.483709317796,-11867.535703387166,-11867.535703387166,61690.05944210604,15.643498801252473,253.04541666666668,295.40916666666664,42.363749999999996
1527,2025-01-06,1,119753.62920986583,80046.34526528038,80046.34526528038,161675.177968,74.07051021373756,200.77583333333328,302.85583333333335,102.08
1528,2025-01-07,1,117932.77324359534,93678.11293152091,93678.11293152091,154103.1152686177,76.52848097069699,206.54291666666666,252.32708333333335,45.78416666666667
1529,2025-01-08,1,97296.28003365237,87816.5412896552,87816.5412896552,146902.85628119067,66.23171427478235,175.03416666666666,208.36624999999995,33.33208333333332
1530,2025-01-09,1,135828.39272076,112397.87360452494,112397.87360452494,169856.97831515686,79.96633053764833,284.9066666666667,272.25,-12.656666666666672
1531,2025-01-10,1,83323.40761616865,89592.97894942606,89592.97894942606,97115.85107118794,85.79794822071925,349.2729166666666,310.0254166666667,-39.2475
1532,2025-01-11,1,29157.896611787706,34329.74849820174,34329.74849820174,49285.749655174455,59.160907190799826,305.1720833333333,305.45125,0.2791666666666674
1533,2025-01-12,1,71602.61879469927,79693.97512836091,79693.97512836091,101099.91370609857,70.82362009017228,312.39,290.59625,-21.79375
1534,2025-01-13,1,106318.52881058269,103067.59838526655,103067.59838526655,157019.50417576593,67.7103964686902,247.55208333333334,217.13416666666663,-30.41791666666666
1535,2025-01-14,1,56233.81430520048,39416.925183938445,39416.925183938445,101134.19052454966,55.60316843743372,237.26083333333338,191.25,-46.010833333333345
1536,2025-01-15,1,82112.36659370032,20149.460195795196,20149.460195795196,135297.41373704997,60.69027066052084,206.795,285.06,78.26499999999999
1537,2025-01-16,1,112852.48954955339,99365.22738438642,99365.22738438642,139298.16846445797,81.01505625922697,265.06749999999994,292.11083333333335,27.043333333333333
1538,2025-01-17,1,76439.02000499915,43256.279095472855,43256.279095472855,102418.07888697344,74.63430366562113,240.97541666666666,278.55625,37.580833333333345
1539,2025-01-18,1,113176.14046755865,65140.94079867461,65140.94079867461,129798.16757464825,87.19394316754888,213.63375,281.62083333333334,67.98708333333333
1540,2025-01-19,1,93775.55219592949,67384.12217724213,67384.12217724213,113085.33570350125,82.92459107324036,252.54458333333332,264.76416666666665,12.219583333333338
1541,2025-01-20,1,65624.45026576778,73743.85918803721,73743.85918803721,114967.8876533231,57.08067844444816,237.9275,266.86291666666665,28.935416666666672
1542,2025-01-21,1,54124.16744992832,86904.87538250141,86904.87538250141,93102.15232699952,58.13417423458681,320.3108333333334,288.89958333333334,-31.41125
1543,2025-01-22,1,87336.20495876494,43488.54844809108,43488.54844809108,111047.30604208293,78.64774758756207,227.47875,288.1766666666667,60.697916666666664
1544,2025-01-23,1,22504.563620133336,25148.383480298296,25148.383480298296,38987.45437721001,57.72257763330223,317.28416666666664,291.15833333333336,-26.125833333333333
1545,2025-01-24,1,17891.32539259176,30821.370368201646,30821.370368201646,31677.093,56.48032599642827,345.92833333333334,319.50375,-26.42458333333333
1546,2025-01-25,1,74039.85704088511,42694.58708221715,42694.58708221715,129168.70326796235,57.320275862248415,205.24874999999997,316.65708333333333,111.4083333333333
1547,2025-01-26,1,7718.154544346582,-15856.632341635925,-15856.632341635925,60169.47353600001,12.827359275012986,165.15958333333333,288.66125000000005,123.50166666666667
1548,2025-01-27,1,69940.15961844019,50028.99581044018,50028.99581044018,98298.95415,71.15046159261725,49.255,25.906666666666666,-23.348333333333333
1549,2025-01-28,1,134182.94004100622,138622.42302498958,138622.42302498958,238994.92682150996,56.1446813225533,222.03,175.99458333333334,-46.03541666666666
1550,2025-01-29,1,129421.51216705386,110567.31001803404,110567.31001803404,163177.80053254074,79.31318582839015,255.59624999999997,238.50708333333333,-17.089166666666667
1551,2025-01-30,1,103780.47672412943,113650.5515859648,113650.5515859648,129851.85426064002,79.92221390679579,311.02708333333334,273.895,-37.132083333333334
1552,2025-01-31,1,39338.662922445874,26028.823656576365,26028.823656576365,47796.429434280006,82.30460598847965,338.44166666666666,287.4866666666667,-50.955000000000005
1553,2025-02-01,1,25239.17024568336,40350.79001283251,40350.79001283251,36110.91889774429,69.89345886531831,289.56416666666667,339.59124999999995,50.02708333333334
1554,2025-02-02,1,23428.547588761037,31614.50815643058,31614.50815643058,38855.97694633921,60.29586547551301,308.99708333333336,291.4941666666667,-17.502916666666675
1555,2025-02-03,1,85413.76410423253,66370.53321000421,66370.53321000421,137545.61086455,62.098502138570566,113.27541666666666,168.41708333333335,55.14166666666668
1556,2025-02-04,1,129940.01715289122,126219.19732111016,126219.19732111016,145941.81225586278,89.03549650670537,282.62083333333334,279.92499999999995,-2.6958333333333293
1557,2025-02-05,1,118628.14009015338,98768.02709391557,98768.02709391557,242595.73714194,48.899515501686416,273.97583333333336,167.70333333333332,-106.2725
1558,2025-02-06,1,133204.45720434794,85263.83743511057,85263.83743511057,275575.91071734,48.33675659734156,207.31416666666667,219.54541666666668,12.23125000000001
1559,2025-02-07,1,160277.1626139396,134259.7753681244,134259.7753681244,188026.93958052993,85.2415951520046,181.41375000000002,149.34875000000002,-32.065
1560,2025-02-08,1,137249.70541636625,111691.16832880459,111691.16832880459,150602.10446686455,91.13398906491636,240.34000000000003,271.99375000000003,31.653750000000002
1561,2025-02-09,1,113996.91719662369,99827.55848066702,99827.55848066702,125460.61145200001,90.86271450242197,253.75541666666666,250.52125,-3.234166666666671
1562,2025-02-10,1,94637.26341598734,112842.16032272532,112842.16032272532,153159.22050105414,61.79011822232145,246.24666666666667,275.59874999999994,29.35208333333333
1563,2025-02-11,1,57296.690058184984,45040.082452878574,45040.082452878574,121442.50184954738,47.180096906409815,180.28250000000003,299.45166666666665,119.1691666666667
1564,2025-02-12,1,98996.72207765152,100142.63649677802,100142.63649677802,157150.61517041724,62.99480404215886,171.43125,221.88083333333336,50.44958333333333
1565,2025-02-13,1,80360.61288354328,73251.50586968505,73251.50586968505,158731.83851048723,50.62665035422867,147.0966666666667,141.22458333333336,-5.872083333333335
1566,2025-02-14,1,116337.82516331432,123940.91479248868,123940.91479248868,156427.30897237538,74.37181265060262,267.53291666666667,276.1545833333334,8.62166666666667
1567,2025-02-15,1,122279.89689281903,128748.75079210667,128748.75079210667,138272.47179059385,88.43401387805181,222.57541666666665,234.35458333333335,11.77916666666667
1568,2025-02-16,1,73638.4763889318,80696.21666674365,80696.21666674365,181936.72239668347,40.47477354702206,178.79708333333335,167.72708333333333,-11.069999999999995
1569,2025-02-17,1,121572.75582096004,126409.35728582364,126409.35728582364,161249.30141500774,75.39428372968136,241.1525,242.10083333333333,0.9483333333333329
1570,2025-02-18,1,52174.727621447775,66676.96347787256,66676.96347787256,56861.91618265206,91.7568930562451,288.44416666666666,273.4291666666667,-15.015000000000008
1571,2025-02-19,1,109754.22266229452,73722.32299305839,73722.32299305839,115759.2095091462,94.81251913146727,247.8133333333333,260.2704166666667,12.457083333333332
1572,2025-02-20,1,36604.77987038705,47859.55077106272,47859.55077106272,44022.587015641184,83.14999719889566,305.695,287.4675,-18.227500000000003
1573,2025-02-21,1,36639.55135044219,24323.212806619584,24323.212806619584,80274.36196110016,45.64290572399343,268.6725,304.50333333333333,35.830833333333324
1574,2025-02-22,1,26147.462022179192,25325.815629847057,25325.815629847057,64898.802478736165,40.28959090692976,281.01666666666665,298.3062499999999,17.289583333333326
1575,2025-02-23,1,124272.8926081869,123922.27114209911,123922.27114209911,148732.82906400002,83.5544468496004,279.17875,259.38708333333335,-19.791666666666668
1576,2025-02-24,1,77905.29403828882,65950.78426849468,65950.78426849468,137869.42880146002,56.506576342226644,236.9308333333333,191.25125,-45.67958333333333
1577,2025-02-25,1,167348.87528868357,144483.89626031474,144483.89626031474,206910.47437049123,80.87984709224088,215.59583333333333,142.3395833333333,-73.25625000000001
1578,2025-02-26,1,62580.995525938444,69498.42400193845,69498.42400193845,123078.40703146455,50.84644580258488,242.17333333333332,252.02374999999998,9.850416666666673
1579,2025-02-27,1,132837.0364093021,107728.8099990197,107728.8099990197,178819.6435166647,74.28548329307156,189.46375000000003,183.16625,-6.297500000000006
1580,2025-02-28,1,102172.03885331274,95156.30637064057,95156.30637064057,143921.2250387395,70.99164061854736,316.75416666666666,266.86125,-49.89291666666667
1581,2025-03-01,1,19555.096214403493,25768.26248253663,25768.26248253663,46552.23843096158,42.00677963832891,297.1958333333334,285.27958333333333,-11.916249999999996
1582,2025-03-02,1,79631.07632895258,48728.18605863013,48728.18605863013,141791.49421735507,56.16068634334616,236.43416666666667,75.93666666666665,-160.4975
1583,2025-03-03,1,90811.11133036396,86087.03480134868,86087.03480134868,178418.91422289336,50.8976930646021,183.12666666666664,186.51041666666666,3.383749999999998
1584,2025-03-04,1,56358.31096452545,26737.612145701165,26737.612145701165,163611.71300903973,34.44637913021032,371.75874999999996,341.2854166666666,-30.473333333333326
1585,2025-03-05,1,91729.93279146464,62502.665173515226,62502.665173515226,104384.3929446894,87.87705729157229,233.25458333333336,266.88416666666666,33.62958333333333
1586,2025-03-06,1,98794.65757316106,93786.40770258039,93786.40770258039,113619.34896579236,86.95231795678163,215.77416666666667,239.67291666666665,23.898750000000003
1587,2025-03-07,1,28708.566013874453,28629.972068393807,28629.972068393807,54368.312912075475,52.80385665139544,290.29625000000004,286.87833333333333,-3.417916666666662
1588,2025-03-08,1,126139.04449382017,124662.93346260441,124662.93346260441,147647.11239078,85.43278798434332,308.85791666666665,250.58,-58.27791666666668
1589,2025-03-09,1,53151.27078107283,32030.162862497305,32030.162862497305,115377.90501963001,46.06711377887287,172.85208333333333,193.72541666666666,20.87333333333333
1590,2025-03-10,1,94263.4388336998,58849.992070469496,58849.992070469496,124303.63088019998,75.83321433671394,95.11666666666667,71.02958333333333,-24.08708333333334
1591,2025-03-11,1,114323.20181056077,101080.92868102666,101080.92868102666,159176.48307212628,71.82166586678414,319.634375,264.6145833333333,-55.01979166666666
1592,2025-03-12,1,131200.50342168548,121852.32184653313,121852.32184653313,156835.1511937,83.65503678422554,310.7989583333333,259.9770833333334,-50.821875
1593,2025-03-13,1,111807.33752642036,54304.79551895332,54304.79551895332,127026.93981879923,88.01860273569586,258.0833333333333,261.22812500000003,3.144791666666664
1594,2025-03-14,1,107199.03499581954,86574.47321912301,86574.47321912301,147944.0646983083,72.45916570862295,285.9083333333333,274.5708333333333,-11.3375
1595,2025-03-15,1,83677.4537453821,33426.184485164966,33426.184485164966,136321.72624275667,61.38233138008565,282.7083333333333,313.95625,31.24791666666667
1596,2025-03-16,1,115280.29847514283,114565.77316615368,114565.77316615368,195646.2760909133,58.92281763726193,181.5489583333334,211.15104166666666,29.602083333333336
1597,2025-03-17,1,87312.942761891,75970.41559731105,75970.41559731105,128055.20060881159,68.18383193090162,186.18854166666665,200.84687499999995,14.65833333333333
1598,2025-03-18,1,140230.64135952885,122909.78339555391,122909.78339555391,160958.35967787835,87.12231016777797,242.93958333333333,234.8927083333334,-8.046875000000005
1599,2025-03-19,1,105864.85661126488,109633.01293168863,109633.01293168863,141978.0765518,74.56422793038797,216.4572916666667,248.4885416666667,32.03125
1600,2025-03-20,1,138875.59753714874,122282.56980043954,122282.56980043954,175663.45621918948,79.05776222680171,169.10729166666667,226.83124999999998,57.723958333333336
1601,2025-03-21,1,153341.49140228945,82573.61992511964,82573.61992511964,208075.133157,73.69525088160722,168.59479166666668,227.60833333333335,59.01354166666667
1602,2025-03-22,1,93256.50004598925,92797.27980857385,92797.27980857385,160642.09003236346,58.05234482893089,131.95416666666668,166.05625,34.10208333333333
1603,2025-03-23,1,84091.10239443765,59418.22192745441,59418.22192745441,156758.71427750002,53.64365405905058,318.5729166666667,211.62812499999995,-106.94479166666666
1604,2025-03-24,1,110526.04854385686,105858.99608071047,105858.99608071047,172889.27547218918,63.92880544035595,185.6854166666667,129.53437499999998,-56.15104166666668
1605,2025-03-25,1,112515.52444578685,93353.80922466744,93353.80922466744,216087.16726339998,52.069507815165984,168.8625,145.65520833333332,-23.207291666666663
1606,2025-03-26,1,108888.3163434911,65642.28887745336,65642.28887745336,212493.74673280018,51.243068569171825,238.3697916666667,207.70416666666665,-30.665625000000006
1607,2025-03-27,1,74376.73927885528,28551.159238883727,28551.159238883727,140146.91050997569,53.07055218570882,330.584375,234.05208333333334,-96.53229166666665
1608,2025-03-28,1,108413.88828696532,104918.36781473596,104918.36781473596,132176.02711,82.02235356699042,262.91562500000003,258.0802083333333,-4.835416666666663
1609,2025-03-29,1,113459.4312501676,116710.66490117108,116710.66490117108,134985.35207599995,84.05314317829631,240.94687499999998,238.36458333333334,-2.582291666666664
1610,2025-03-30,1,110204.37652650152,100028.82942522189,100028.82942522189,137090.48193600003,80.38805828835723,238.05000000000004,275.72499999999997,37.675
1611,2025-03-31,1,89256.62123027722,92706.7195004891,92706.7195004891,124707.61380120002,71.57271196974689,204.65625,207.97916666666666,3.3229166666666656
1612,2025-04-01,2,144995.154591579,139327.53773932328,139327.53773932328,177102.09920359086,81.870940685405,209.66250000000002,235.65937500000004,25.996875
1613,2025-04-02,2,137306.87940723094,126977.36502826077,126977.36502826077,163822.9764334,83.81417698331904,279.83541666666673,272.03333333333336,-7.802083333333336
1614,2025-04-03,2,118309.67260424896,109753.67398042373,109753.67398042373,127951.5406398,92.46443771810912,237.07083333333335,229.76458333333335,-7.306249999999999
1615,2025-04-04,2,122610.37871695898,49435.05928886265,49435.05928886265,167527.35521857502,73.1882733760034,355.56041666666664,254.96249999999998,-100.59791666666666
1616,2025-04-05,2,138280.97924033942,134556.63263124065,134556.63263124065,157841.619698,87.60742540840234,257.65416666666664,261.59375,3.9395833333333385
1617,2025-04-06,2,118752.14020327607,117945.65062086961,117945.65062086961,147861.2895530387,80.31320473549569,235.821875,261.4625,25.640624999999996
1618,2025-04-07,2,136851.96534462314,114225.56215639506,114225.56215639506,177830.46884273677,76.95642160492041,280.13437500000003,267.5864583333333,-12.547916666666666
1619,2025-04-08,2,132509.31349568357,134226.834012086,134226.834012086,146522.53331,90.43613327059501,290.46979166666665,292.3760416666667,1.9062500000000029
1620,2025-04-09,2,119177.71197306628,99331.48684813322,99331.48684813322,133082.743517025,89.55158935224395,288.74583333333334,301.575,12.829166666666664
1621,2025-04-10,2,107542.70278680933,113514.5921271677,113514.5921271677,131758.15320574847,81.62128883126857,262.2364583333333,276.6041666666667,14.367708333333328
1622,2025-04-11,2,128724.13577618424,83156.00335732687,83156.00335732687,137894.31806916033,93.3498476069356,238.61979166666666,259.7645833333333,21.144791666666666
1623,2025-04-12,2,35683.452479097716,13578.373605841674,13578.373605841674,79997.84965715,44.60551456323854,78.85104166666666,211.7010416666667,132.85
1624,2025-04-13,2,101519.41401261304,44434.826702785926,44434.826702785926,137884.90231369997,73.6262000473755,79.49791666666667,76.07187499999999,-3.4260416666666687
1625,2025-04-14,2,88901.64575016234,94998.608024971,94998.608024971,196938.29483151558,45.14187848849782,172.384375,184.89374999999998,12.509374999999997
1626,2025-04-15,2,117544.0720971308,96472.83072587753,96472.83072587753,133673.6929558,87.93358625619585,235.5510416666666,256.98333333333335,21.43229166666667
1627,2025-04-16,2,150762.1617054928,120972.98321617792,120972.98321617792,162164.7882609717,92.96849416093421,255.42500000000004,199.4375,-55.987500000000004
1628,2025-04-17,2,150678.4540301718,131779.87591450932,131779.87591450932,162366.5495544,92.80141411127778,384.54999999999995,267.02916666666664,-117.52083333333333
1629,2025-04-18,2,97373.39783342047,45214.529888555924,45214.529888555924,143196.49639162823,67.99984656545917,267.6302083333333,221.96875,-45.661458333333336
1630,2025-04-19,2,124328.1757356203,111705.52943129968,111705.52943129968,135291.8781997938,91.89625969418303,252.12187499999996,296.890625,44.76875000000001
1631,2025-04-20,2,121991.61832915568,110609.22403485927,110609.22403485927,134110.1645065,90.96373774356456,253.1458333333333,229.1541666666667,-23.99166666666666
1632,2025-04-21,2,118853.30423341414,20754.708736419307,20754.708736419307,249405.54914848457,47.65463504689479,381.0416666666667,233.94375,-147.09791666666666
1633,2025-04-22,2,91795.72914127754,78192.61693460209,78192.61693460209,154243.6802084628,59.5134458781158,190.79791666666668,206.15312500000002,15.355208333333332
1634,2025-04-23,2,112899.5573758965,94510.0477402182,94510.0477402182,132634.88233,85.1205620969291,232.615625,234.91458333333333,2.2989583333333354
1635,2025-04-24,2,90053.797365614,91787.72885163591,91787.72885163591,209183.93356200002,43.05005448180032,169.47187499999998,174.7635416666667,5.291666666666665
1636,2025-04-25,2,130937.19620044061,134443.25097297988,134443.25097297988,147539.27953600002,88.7473468843201,263.0125,270.30625000000003,7.293749999999998
1637,2025-04-26,2,93398.27269318858,68219.07111338357,68219.07111338357,125543.2913484,74.39527169476182,188.3260416666667,166.76041666666666,-21.565625
1638,2025-04-27,2,123534.61752113735,124598.96058573417,124598.96058573417,150790.9303451025,81.92443487046208,278.321875,281.45937499999997,3.1375000000000015
1639,2025-04-28,2,136408.43774259303,130632.9164069337,130632.9164069337,152484.34646925,89.457338343973,276.0125,272.57708333333335,-3.435416666666665
1640,2025-04-29,2,98506.64636865922,84296.85099857383,84296.85099857383,131505.64766020724,74.90678014315175,202.7875,169.63750000000002,-33.15
1641,2025-04-30,2,83273.47889340571,85783.30783406872,85783.30783406872,162254.1346569736,51.32287018106301,113.63229166666667,161.33541666666667,47.703125
1642,2025-05-01,2,143058.38224630652,171204.48881886792,171204.48881886792,208789.19649002503,68.51809607550321,268.921875,342.3822916666666,73.46041666666669
1643,2025-05-02,2,109376.28659916096,70225.22014007063,70225.22014007063,146826.28947374597,74.49366662549798,218.9083333333334,234.16562499999998,15.257291666666669
1644,2025-05-03,2,115208.55454347529,99744.89020758933,99744.89020758933,153362.689878,75.12163136622321,236.2125,257.925,21.71249999999999
1645,2025-05-04,2,122524.11953211657,116151.6452603879,116151.6452603879,145800.176878,84.03564533027972,250.75,248.2229166666667,-2.5270833333333282
1646,2025-05-05,2,141638.55468193843,135195.30352724993,135195.30352724993,147260.98121,96.18199846159943,325.3489583333333,270.16562500000003,-55.18333333333334
1647,2025-05-06,2,129862.11325078951,127754.08196155475,127754.08196155475,148741.98954501987,87.30696264586673,304.6010416666666,295.6875,-8.91354166666666
1648,2025-05-07,2,74139.60718502055,54162.442802813326,54162.442802813326,124961.237414,59.330084047898794,304.39270833333336,316.17187500000006,11.779166666666669
1649,2025-05-08,2,36383.73739292084,26051.180421054072,26051.180421054072,97138.33573307373,37.45559064641549,299.7375,336.3072916666667,36.569791666666674
1650,2025-05-09,2,24679.127374575728,47452.46119636344,47452.46119636344,68593.48441596048,35.978821581533964,340.63125,353.69583333333327,13.064583333333331
1651,2025-05-10,2,119197.9456081912,81973.07293557712,81973.07293557712,147155.899703625,81.00113270909173,207.5822916666667,239.0197916666667,31.437500000000004
1652,2025-05-11,2,94728.45792924108,79822.53324442606,79822.53324442606,130865.3345894,72.38621154063364,180.72083333333333,221.3479166666667,40.62708333333333
1653,2025-05-12,2,76654.5258429493,69613.95826274903,69613.95826274903,110346.98621466562,69.46680509590715,159.628125,162.48645833333333,2.8583333333333307
1654,2025-05-13,2,70398.04522339832,53641.193247843374,53641.193247843374,145947.13471462906,48.235304763637785,118.94583333333333,114.62291666666665,-4.322916666666666
1655,2025-05-14,2,127995.27581444397,26002.15173116053,26002.15173116053,179884.70110745096,71.15406425696438,410.1854166666667,193.21145833333333,-216.97395833333334
1656,2025-05-15,2,133390.89187193845,129062.50811193846,129062.50811193846,138782.098152,96.11534459281856,286.1697916666667,289.98125000000005,3.811458333333325
1657,2025-05-16,2,131344.42191781173,116554.36863020134,116554.36863020134,146127.49062994999,89.8834444850801,266.70729166666666,244.11041666666665,-22.596874999999994
1658,2025-05-17,2,95907.5951049552,108354.10603365659,108354.10603365659,145788.27592,65.7855335072236,186.95416666666665,191.13333333333333,4.179166666666673
1659,2025-05-18,2,135692.29366350058,100336.09939350058,100336.09939350058,150781.86906020003,89.99244704237292,258.24375000000003,241.9395833333333,-16.30416666666667
1660,2025-05-19,2,145240.37985774322,109318.31129703278,109318.31129703278,198666.43712189997,73.10765822443626,310.32708333333335,205.78125,-104.54583333333333
1661,2025-05-20,2,121495.10667016971,76073.54322882682,76073.54322882682,182741.4457389344,66.48470256919079,274.1802083333334,227.2854166666667,-46.89479166666666
1662,2025-05-21,2,135560.96635255296,121748.55743674922,121748.55743674922,138978.1962536,97.54117552741045,317.35,293.50416666666666,-23.845833333333335
1663,2025-05-22,2,64080.49557297881,33005.57709438073,33005.57709438073,123488.22136820825,51.89199007240393,270.0479166666667,292.94166666666666,22.89375
1664,2025-05-23,2,97964.21581749129,82284.65967071362,82284.65967071362,143320.38317113946,68.35330303332486,350.7979166666666,268.94166666666666,-81.85625
1665,2025-05-24,2,133103.86716523033,124309.96178840096,124309.96178840096,157707.12288167415,84.3994010753063,258.1927083333333,254.8239583333333,-3.3687499999999946
1666,2025-05-25,2,119909.53857433225,107159.69139937492,107159.69139937492,163382.12220033928,73.39208045498337,284.34999999999997,257.01041666666663,-27.339583333333337
1667,2025-05-26,2,138928.3476586002,128299.34143353956,128299.34143353956,149896.22090380001,92.68302217422895,312.43125000000003,287.40625,-25.025000000000006
1668,2025-05-27,2,141435.08575158005,121996.67471786446,121996.67471786446,158681.744110875,89.13129014561103,294.903125,278.42083333333335,-16.482291666666665
1669,2025-05-28,2,133561.72153131446,118781.43382545588,118781.43382545588,146910.6440076,90.91357704783121,290.12395833333335,280.4927083333334,-9.631250000000001
1670,2025-05-29,2,124615.44603585539,115161.12506741648,115161.12506741648,146026.01890271512,85.33783703223204,258.90208333333334,281.934375,23.032291666666666
1671,2025-05-30,2,96770.12129705281,84861.96064377148,84861.96064377148,135414.37993117253,71.46221940848413,243.14166666666665,274.4864583333333,31.344791666666662
1672,2025-05-31,2,66747.06667138399,46579.674716792455,46579.674716792455,119111.26945021606,56.03757476473014,262.553125,304.67604166666666,42.122916666666676
1673,2025-06-01,2,105170.97023856331,72918.88617057659,72918.88617057659,141881.42766629157,74.1259599430645,253.07083333333333,278.0291666666667,24.95833333333334
1674,2025-06-02,2,120124.40408997789,105505.7273887815,105505.7273887815,155079.08809448296,77.4600918576406,238.64999999999998,231.50833333333335,-7.141666666666673
1675,2025-06-03,2,136559.3252410931,122008.07938229789,122008.07938229789,158687.38292738932,86.05556580612247,242.584375,230.82083333333335,-11.763541666666669
1676,2025-06-04,2,128967.74802116581,127294.42535090545,127294.42535090545,155500.41680379937,82.93723622869076,256.809375,262.9875,6.178125000000001
1677,2025-06-05,2,78778.23932950459,67805.04395425002,67805.04395425002,145127.22609528672,54.28219187334351,221.8947916666667,221.865625,-0.02916666666666738
1678,2025-06-06,2,122061.02271712763,121657.19195669652,121657.19195669652,141704.87912660002,86.13748762177593,311.82916666666665,269.08125,-42.747916666666676
1679,2025-06-07,2,89462.85121646148,105479.59777230633,105479.59777230633,125805.9482846,71.11178162583963,292.75416666666666,301.6645833333333,8.910416666666668
1680,2025-06-08,2,86528.48973788341,85287.88139184989,85287.88139184989,123684.52662585002,69.9590256747597,231.6229166666667,294.50624999999997,62.88333333333335
1681,2025-06-09,2,87411.6296120059,87747.56806865078,87747.56806865078,128544.82794144645,68.0008919937431,235.39583333333334,280.953125,45.557291666666664
1682,2025-06-10,2,116239.25114285547,111783.11046133656,111783.11046133656,139554.2254410166,83.29325090338068,250.76249999999996,266.61041666666665,15.847916666666663
1683,2025-06-11,2,115748.23864626647,99738.07108563297,99738.07108563297,150172.99131389277,77.07660187998027,276.15729166666665,238.41666666666666,-37.740625
1684,2025-06-12,2,102190.34061756404,87717.82823516497,87717.82823516497,134744.25786977372,75.84021926658124,223.7229166666667,234.76249999999996,11.039583333333333
1685,2025-06-13,2,104862.35696287973,81272.34768312532,81272.34768312532,130299.125298,80.4781741420403,285.13124999999997,316.37916666666666,31.24791666666667
1686,2025-06-14,2,95794.59799529778,113976.60951282598,113976.60951282598,108021.72548010961,88.68086264085528,323.64374999999995,296.06979166666673,-27.573958333333326
1687,2025-06-15,2,125687.97814191524,122294.43734880046,122294.43734880046,137585.36156109723,91.3527258392974,270.76354166666664,249.725,-21.038541666666664
1688,2025-06-16,2,79530.4989671835,79175.82806249605,79175.82806249605,151552.1420818922,52.47731762458935,218.2052083333333,206.59062499999996,-11.614583333333337
1689,2025-06-17,2,119245.03095839673,97621.80716562875,97621.80716562875,150521.51878641662,79.22125149932891,250.57291666666666,265.77187499999997,15.198958333333335
1690,2025-06-18,2,52178.95061472436,41569.28714258775,41569.28714258775,122386.3964416574,42.63460003056671,228.3479166666667,276.28749999999997,47.93958333333334
1691,2025-06-19,2,72302.336270585,19124.596841783492,19124.596841783492,169350.69159452658,42.693853559037855,409.4135416666666,346.3927083333333,-63.02083333333332
1692,2025-06-20,2,109128.78957513017,35280.613966919984,35280.613966919984,141721.951414325,77.0020370775812,231.91979166666667,310.7666666666667,78.846875
1693,2025-06-21,2,126376.12817787501,118442.16048698008,118442.16048698008,138192.15166406808,91.44956978822017,257.92604166666666,250.40520833333332,-7.520833333333331
1694,2025-06-22,2,106005.20274459786,97290.89748460313,97290.89748460313,136105.50904835216,77.88457901945687,227.49270833333333,230.80833333333337,3.3156250000000056
1695,2025-06-23,2,84844.39202502159,77001.7744242595,77001.7744242595,105860.85782539748,80.14708530414558,297.3072916666667,253.790625,-43.51666666666667
1696,2025-06-24,2,108188.78862375462,98461.95212421313,98461.95212421313,122999.83833379361,87.95848034381544,298.34583333333336,303.4583333333333,5.112499999999997
1697,2025-06-25,2,54766.856654009694,97595.99640370929,97595.99640370929,67240.76445800568,81.44889055836599,351.64166666666665,279.25104166666665,-72.390625
1698,2025-06-26,2,3098.1674835279764,1311.9697028702449,1311.9697028702449,49118.78628262886,6.30750007889275,305.41875,305.9802083333333,0.5614583333333218
1699,2025-06-27,2,43411.35676003057,36771.2411805671,36771.2411805671,61931.06184979127,70.0962577798541,308.43854166666665,308.1458333333333,-0.29270833333332824
1700,2025-06-28,2,11427.737080157052,14170.661947097075,14170.661947097075,47321.654736286335,24.149064828441517,276.70625,314.090625,37.384375
1701,2025-06-29,2,27058.605068293455,18694.69997215769,18694.69997215769,46999.01668209127,57.57270466172113,307.1958333333333,314.71250000000003,7.516666666666665
1702,2025-06-30,2,77427.47319566249,40456.64634743966,40456.64634743966,111779.50349122434,69.2680417942107,224.5541666666667,256.4135416666667,31.859375
1703,2025-07-01,3,50894.89787161379,44846.30839408242,44846.30839408242,122189.75941706875,41.65234313777056,443.7427083333334,295.29583333333335,-148.44687499999998
1704,2025-07-02,3,62843.75444477073,33976.97480975862,33976.97480975862,82892.27297031369,75.81376670329337,332.66770833333334,339.04687499999994,6.379166666666673
1705,2025-07-03,3,130815.31673026878,106289.29051475912,106289.29051475912,155471.01013510677,84.14129207534458,308.63958333333335,267.65729166666665,-40.98229166666667
1706,2025-07-04,3,116903.7576035522,89281.64251726045,89281.64251726045,169888.33040360492,68.81211753969394,378.30312499999997,361.3875,-16.91562500000001
1707,2025-07-05,3,118041.24349724149,116226.43850930218,116226.43850930218,163419.42967589333,72.23207407549424,348.6510416666667,414.640625,65.98958333333333
1708,2025-07-06,3,97648.2314939338,98533.51209688626,98533.51209688626,119696.92192421481,81.57956773170744,357.8572916666667,365.80104166666666,7.943749999999995
1709,2025-07-07,3,-2792.4736340476547,27293.299275348363,27293.299275348363,75185.72586466743,-3.7141007843351046,355.2437500000001,389.39375,34.15
1710,2025-07-08,3,69848.4710949415,56307.612510482766,56307.612510482766,92017.9273694,75.90745965678987,298.91562500000003,354.9791666666667,56.06354166666668
1711,2025-07-09,3,93971.03640406029,83690.98669334351,83690.98669334351,117102.35747660341,80.24692109450942,379.96875000000006,337.625,-42.34375
1712,2025-07-10,3,81753.63672072098,72906.65115180035,72906.65115180035,101353.60721477812,80.66179287282503,364.5635416666667,365.89895833333327,1.3354166666666731
1713,2025-07-11,3,75056.22967196585,71222.15240240644,71222.15240240644,100029.2574255929,75.03427657432795,350.2552083333333,344.3635416666666,-5.891666666666665
1714,2025-07-12,3,96364.04882368294,83040.90582827448,83040.90582827448,114884.41472513968,83.8791310851288,337.71562500000005,381.35312500000003,43.637499999999996
1715,2025-07-13,3,106996.27468086961,67558.6462752493,67558.6462752493,121701.04633709828,87.9173005501546,335.54062500000003,383.15625,47.615625
1716,2025-07-14,3,99909.44049374721,97752.78841713713,97752.78841713713,124073.9096488,80.5241333786837,226.89374999999995,272.46875000000006,45.57500000000001
1717,2025-07-15,3,-8560.468079052396,12969.119173944335,12969.119173944335,86378.73408593865,-9.910388441830536,316.5229166666667,320.8385416666667,4.315625000000002
1718,2025-07-16,3,82182.40617940023,77638.9905765068,77638.9905765068,106355.45064440541,77.27145687546691,294.4145833333333,313.69270833333337,19.278125
1719,2025-07-17,3,112387.33494140719,105996.09546012332,105996.09546012332,135061.06077598818,83.21224066780613,263.471875,280.4479166666667,16.976041666666664
1720,2025-07-18,3,115662.71959789291,113442.5462874428,113442.5462874428,131836.49901680194,87.73194104855003,334.1479166666666,296.70416666666665,-37.44375000000001
1721,2025-07-19,3,102293.9606846706,79038.37849783494,79038.37849783494,120025.22584057234,85.22705120384117,300.696875,315.3802083333333,14.683333333333332
1722,2025-07-20,3,59888.604301590596,54862.16655930537,54862.16655930537,100786.55012391694,59.421226570368404,314.6145833333333,352.2541666666666,37.63958333333333
1723,2025-07-21,3,-34103.88595344155,-17730.325365034267,-17730.325365034267,49052.57552476019,-69.52516883894707,259.471875,372.7010416666667,113.22916666666667
1724,2025-07-22,3,-252.0354317276273,-41760.05614428165,-41760.05614428165,0.0,0.0,0.0,27.60625,27.60625
1725,2025-07-23,3,34225.20220347529,-816.1194710867503,-816.1194710867503,59080.23467123431,57.93003767491679,347.6927083333333,0.0,-347.6927083333333
1726,2025-07-24,3,13843.421822854436,285.5737237451217,285.5737237451217,42481.89406739749,32.586639853891306,132.85208333333333,306.125,173.27291666666665
1727,2025-07-25,3,13630.007591032992,5406.697153837884,5406.697153837884,51960.186114419725,26.231637355991804,141.75,311.23020833333334,169.48020833333334
1728,2025-07-26,3,31988.217135475912,10915.842653853693,10915.842653853693,50847.72371012443,62.909831161442234,164.203125,335.4770833333333,171.27395833333333
1729,2025-07-27,3,32285.521354889846,26278.532736590067,26278.532736590067,51010.704760893845,63.29165908650762,143.05729166666666,288.39583333333337,145.33854166666666
1730,2025-07-28,3,11943.179065160743,-2994.545875728893,-2994.545875728893,43631.7069278,27.372706469916103,181.9572916666667,360.2749999999999,178.31770833333334
1731,2025-07-29,3,9711.690495328341,-31215.951203461576,-31215.951203461576,36613.6252099,26.524799004886262,167.2864583333333,371.03437499999995,203.7479166666667
1732,2025-07-30,3,53546.86282745968,43517.21107213134,43517.21107213134,84927.37633036064,63.05017903669449,343.1604166666666,362.1416666666667,18.981250000000003
1733,2025-07-31,3,132685.01322642458,80139.4436717919,80139.4436717919,168121.88646009273,78.92191553413252,376.0645833333333,348.7145833333332,-27.349999999999998
1734,2025-08-01,3,56434.331194056074,26514.91514971856,26514.91514971856,79014.97162540318,71.42232672258852,364.8125,437.5510416666666,72.73854166666666
1735,2025-08-02,3,77631.69959055023,74863.65117209339,74863.65117209339,91018.99337338126,85.29175803130099,331.66249999999997,392.95208333333335,61.28958333333333
1736,2025-08-03,3,114267.8808234289,93762.37433031411,93762.37433031411,128315.61465291452,89.05220236252319,361.3177083333333,372.9395833333333,11.621874999999998
1737,2025-08-04,3,29251.072879911444,74685.97673421523,74685.97673421523,63051.65821706736,46.39223409352542,389.5333333333333,423.38333333333327,33.85
1738,2025-08-05,3,39378.07818572151,64342.35901652367,64342.35901652367,66792.8307114367,58.955546225979816,413.44583333333327,526.1041666666666,112.65833333333332
1739,2025-08-06,3,58591.387866957935,102428.83179968482,102428.83179968482,76676.11362953516,76.41413354626374,387.121875,439.1854166666667,52.06354166666666
1740,2025-08-07,3,66561.38620880467,104888.95176824811,104888.95176824811,76642.82513451038,86.84620653268915,355.94687500000003,429.84374999999994,73.896875
1741,2025-08-08,3,26308.86838972805,34724.610324548325,34724.610324548325,50003.25341990091,52.61431325038007,383.1020833333334,412.2520833333333,29.149999999999995
1742,2025-08-09,3,43430.063339764936,30611.417236463578,30611.417236463578,64101.06235449562,67.75248606580861,297.45000000000005,357.01875,59.568749999999994
1743,2025-08-10,3,117278.02603951405,121491.44780128387,121491.44780128387,131770.90176045,89.00145970975977,264.5052083333333,260.7625,-3.742708333333328
1744,2025-08-11,3,99252.22722105935,113733.3956440624,113733.3956440624,112040.14519507746,88.58630721001605,307.6885416666667,294.00625,-13.682291666666671
1745,2025-08-12,3,100758.64352862339,99180.71866855802,99180.71866855802,120389.57488684141,83.69382782797443,329.0208333333333,310.603125,-18.417708333333334
1746,2025-08-13,3,76858.31707736482,73718.28570518288,73718.28570518288,92989.20637233829,82.65294443918174,376.9906250000001,321.82916666666665,-55.16145833333335
1747,2025-08-14,3,44480.016164727516,40321.268255960786,40321.268255960786,64342.71886766101,69.1298362075952,330.71145833333327,369.0604166666667,38.34895833333333
1748,2025-08-15,3,82426.65558869188,11519.87955995467,11519.87955995467,115950.83437908717,71.08759159007683,360.88958333333335,341.2833333333333,-19.60625000000001
1749,2025-08-16,3,81874.82917114261,55581.79790149784,55581.79790149784,108707.73723228033,75.31646896135578,330.55625000000003,372.1145833333333,41.55833333333333
1750,2025-08-17,3,64889.57915333509,51627.19592988931,51627.19592988931,85316.35364368082,76.05760956960602,345.4781249999999,383.3125,37.834374999999994
1751,2025-08-18,3,31158.754061844622,50723.99395975756,50723.99395975756,59825.96755171341,52.082323674767274,408.79583333333335,402.2708333333333,-6.5249999999999995
1752,2025-08-19,3,68082.12621549489,56299.367724530406,56299.367724530406,89695.98825095393,75.90320096035157,342.65520833333335,399.4583333333333,56.803125
1753,2025-08-20,3,38755.92692568146,55330.89600072204,55330.89600072204,61027.408299652154,63.50577225135474,436.34479166666665,453.6114583333333,17.266666666666673
1754,2025-08-21,3,35372.074401156315,63738.05125360914,63738.05125360914,56981.188378191204,62.07675797561026,439.98854166666666,493.2281250000001,53.239583333333336
1755,2025-08-22,3,45280.933862299986,66589.25978086857,66589.25978086857,84737.22876523963,53.43688308210859,515.5739583333333,600.709375,85.13541666666667
1756,2025-08-23,3,46595.763357593554,88187.24674853378,88187.24674853378,65456.382937767485,71.18597341667103,478.5708333333332,514.65625,36.08541666666667
1757,2025-08-24,3,50830.23015115316,53420.38218297671,53420.38218297671,63136.87626689152,80.50799018989181,388.95624999999995,382.8833333333334,-6.072916666666672
1758,2025-08-25,3,45059.886185774216,35351.47249162327,35351.47249162327,65226.656182912084,69.0820115926453,342.1114583333333,374.77500000000003,32.66354166666667
1759,2025-08-26,3,97209.72689460736,63518.65024590598,63518.65024590598,127499.89789356232,76.24298411262936,295.35312500000003,322.303125,26.950000000000003
1760,2025-08-27,3,30057.503491298612,41617.4471351618,41617.4471351618,70638.71392858648,42.55103443939509,293.5864583333334,335.72499999999997,42.13854166666667
1761,2025-08-28,3,54351.86832349004,44170.74902622219,44170.74902622219,71026.36406245208,76.52351213656314,367.8385416666667,399.7291666666667,31.890625
1762,2025-08-29,3,45093.586599444505,42806.5503497291,42806.5503497291,65417.94908504268,68.9315199117956,364.04479166666664,369.5874999999999,5.542708333333333
1763,2025-08-30,3,9175.947498807836,17540.672581519968,17540.672581519968,46443.98067294192,19.757022042156063,343.4833333333333,339.2270833333333,-4.256249999999997
1764,2025-08-31,3,34688.70896073785,38156.80285645303,38156.80285645303,65509.431826330765,52.95223602717177,284.1645833333333,341.8729166666667,57.708333333333336
1765,2025-09-01,3,113913.03109873408,93982.06887734057,93982.06887734057,125205.25030930001,90.98103379637014,241.81875000000002,292.95104166666664,51.13229166666667
1766,2025-09-02,3,84521.65891582271,92180.73035868663,92180.73035868663,106551.443640877,79.32474307968658,332.68750000000006,276.73229166666664,-55.95520833333333
1767,2025-09-03,3,5546.946137135025,26700.043117569297,26700.043117569297,54702.50539096658,10.140204909245405,371.8802083333333,334.61875,-37.26145833333333
1768,2025-09-04,3,53821.93180515336,49542.03166790344,49542.03166790344,74503.559588226,72.24075212328378,363.1197916666667,329.57708333333335,-33.54270833333334
1769,2025-09-05,3,52889.1460077116,29118.012779308516,29118.012779308516,87966.52035147045,60.12417655761861,414.1677083333334,371.60729166666664,-42.560416666666676
1770,2025-09-06,3,53059.39161225782,21309.844199611045,21309.844199611045,76068.84021175292,69.75180831541053,265.815625,326.64270833333336,60.82708333333333
1771,2025-09-07,3,108608.59442163275,109829.91333087593,109829.91333087593,121954.17415515428,89.0568897489783,252.80520833333333,262.6854166666667,9.880208333333327
1772,2025-09-08,3,9359.999958990195,5483.714363554329,5483.714363554329,132103.5370392102,7.085351511982616,398.059375,356.6177083333334,-41.44166666666666
1773,2025-09-09,3,79011.46503162116,76971.76061615368,76971.76061615368,107858.3038286177,73.25487442966565,264.57395833333334,261.58125,-2.9927083333333298
1774,2025-09-10,3,79026.43349774745,80161.73195291767,80161.73195291767,98332.59558899546,80.36646752218081,311.95,332.5416666666667,20.591666666666665
1775,2025-09-11,3,19371.792075893325,22587.599892281003,22587.599892281003,42172.68782559292,45.934449698834136,373.953125,385.4354166666665,11.48229166666666
1776,2025-09-12,3,22735.386011236427,23412.230689639502,23412.230689639502,43213.66832984083,52.611562243922485,350.76145833333334,334.3802083333333,-16.381249999999998
1777,2025-09-13,3,89781.84167109728,74000.52559367871,74000.52559367871,102134.5560753822,87.90545053608713,254.9958333333333,289.68333333333334,34.68750000000001
1778,2025-09-14,3,94859.57305110467,101310.39223992833,101310.39223992833,108388.70868990001,87.51794739293169,229.68437499999996,226.16666666666666,-3.5177083333333337
1779,2025-09-15,3,35025.09272511121,30646.310436280168,30646.310436280168,93809.89615503282,37.336245066541565,405.125,370.6052083333334,-34.51979166666668
1780,2025-09-16,3,90824.03935514916,85556.075697817,85556.075697817,119628.86411902592,75.92150943168939,407.73645833333336,483.93125000000003,76.19479166666667
1781,2025-09-17,3,92160.69802443449,74346.54057440603,74346.54057440603,109653.88734673345,84.0469045415743,206.11875,213.32291666666666,7.204166666666668
1782,2025-09-18,3,90821.53060296616,79329.28403405397,79329.28403405397,111996.19991,81.09340377258356,249.82291666666666,252.7854166666667,2.962500000000008
1783,2025-09-19,3,22189.52450601453,23856.807128158525,23856.807128158525,35137.70152950353,63.150187804353095,349.0041666666666,378.4312500000001,29.427083333333325
1784,2025-09-20,3,105166.72767380733,90352.83936460102,90352.83936460102,139919.04078225003,75.1625562081102,254.17291666666668,252.95624999999995,-1.2166666666666668
1785,2025-09-21,3,101100.63035814905,100439.96406385476,100439.96406385476,123800.6783726784,81.6640358413908,376.1614583333333,295.45416666666665,-80.70729166666666
1786,2025-09-22,3,28467.51660259829,23069.164807015917,23069.164807015917,40992.76210747338,69.44522676457653,391.715625,470.2208333333333,78.50520833333333
1787,2025-09-23,3,24938.97878892589,11674.138086297033,11674.138086297033,39145.56294542005,63.70831561088508,395.5989583333333,464.734375,69.13541666666667
1788,2025-09-24,3,108387.37622871509,81790.73144290294,81790.73144290294,118174.76688987034,91.71786759666188,329.540625,373.653125,44.11250000000001
1789,2025-09-25,3,140267.73941625064,127925.36969877411,127925.36969877411,147437.7571807,95.13691885880917,322.37083333333334,314.8229166666667,-7.547916666666667
1790,2025-09-26,3,42557.555930524926,39205.485505540215,39205.485505540215,57201.12510178138,74.39985814055183,404.190625,405.1427083333333,0.9520833333333284
1791,2025-09-27,3,29658.678595869074,48548.20906053125,48548.20906053125,40146.44536360714,73.87622572123095,402.7114583333334,454.8302083333333,52.11875
1792,2025-09-28,3,30523.089151932116,40409.13427894592,40409.13427894592,45371.66949215768,67.27345388339285,386.1697916666665,414.48229166666664,28.31249999999999
1793,2025-09-29,3,112692.22013045747,101396.34204022135,101396.34204022135,123410.7057509,91.3147846005537,300.34375,303.934375,3.590625000000001
1794,2025-09-30,3,102617.3653931717,104908.10857338145,104908.10857338145,119547.0162498,85.83849987418098,312.48958333333337,291.4270833333333,-21.0625
1795,2025-10-01,4,121331.6921336102,49578.916090933904,49578.916090933904,175179.69326485717,69.26127673380883,387.44166666666666,286.84166666666664,-100.60000000000002
1796,2025-10-02,4,14152.01457197217,52067.023560941285,52067.023560941285,35135.9417446,40.2778860314657,324.57604166666664,393.4239583333333,68.84791666666666
1797,2025-10-03,4,25202.678702965102,59087.90603192894,59087.90603192894,32676.4975,77.12784610090203,368.5927083333333,424.2604166666667,55.667708333333316
1798,2025-10-04,4,47102.39852960682,16807.36438382524,16807.36438382524,88186.46343701908,53.41227745599115,412.39895833333327,414.01875,1.619791666666659
1799,2025-10-05,4,54266.15049367555,41981.048838168026,41981.048838168026,64291.11812223042,84.40691666071916,401.9677083333333,461.1458333333333,59.17812500000002
1800,2025-10-06,4,29684.981628241807,62346.93503650891,62346.93503650891,41571.90429391063,71.40635516326348,267.5489583333333,382.0,114.45104166666665
1801,2025-10-07,4,49259.962903627056,40359.1904682007,40359.1904682007,66562.38347819122,74.00570762278488,324.67395833333336,328.0489583333333,3.375000000000007
1802,2025-10-08,4,113669.05870630652,12561.117086577413,12561.117086577413,137816.30294614844,82.4786736230492,413.9312500000001,348.90416666666664,-65.02708333333332
1803,2025-10-09,4,26393.373433259174,31044.004232680494,31044.004232680494,30208.505400000002,87.37066956400687,343.1552083333333,451.9125000000001,108.75729166666667
1804,2025-10-10,4,19778.43155522505,13234.346793492145,13234.346793492145,43975.76542437019,44.97575281376312,375.98749999999995,518.18125,142.19375
1805,2025-10-11,4,27302.123519917783,-64481.68202674925,-64481.68202674925,48309.97662444671,56.514462286247216,417.25416666666666,630.6614583333334,213.40729166666665
1806,2025-10-12,4,66491.08892136607,63134.592664216296,63134.592664216296,77288.49363008328,86.02973844930199,416.8343750000001,446.9375,30.103124999999995
1807,2025-10-13,4,25569.517356665958,54614.58504567724,54614.58504567724,45286.37899446574,56.46182787056281,394.1447916666666,426.2291666666667,32.084374999999994
1808,2025-10-14,4,114610.45514764627,94878.99354674503,94878.99354674503,128487.8975798598,89.19941668156862,290.3822916666667,290.2614583333334,-0.12083333333333357
1809,2025-10-15,4,31507.332734909876,16892.54924422156,16892.54924422156,111000.70593393064,28.384803925178222,496.91041666666666,611.0760416666667,114.16562499999999
1810,2025-10-16,4,46545.74681674923,60129.45115522083,60129.45115522083,89073.62971725519,52.25536105859675,340.14479166666666,409.39687499999997,69.25208333333333
1811,2025-10-17,4,13458.464874898273,-11627.577290382635,-11627.577290382635,38342.43022642902,35.10070904587967,382.921875,468.1302083333334,85.20833333333333
1812,2025-10-18,4,124590.01673893117,107744.48100327393,107744.48100327393,163751.6129224815,76.08475697757612,293.45625,277.62395833333335,-15.832291666666658
1813,2025-10-19,4,59915.561055852224,55297.646938101614,55297.646938101614,75908.61743817857,78.93117155591538,343.7,337.278125,-6.421875000000008
1814,2025-10-20,4,46459.7803097934,38250.72902366079,38250.72902366079,62908.59686084115,73.8528319310096,390.2583333333334,376.3072916666667,-13.951041666666677
1815,2025-10-21,4,124093.03323349109,101636.13932260356,101636.13932260356,142130.5369529395,87.3091989194266,317.45,341.8385416666667,24.38854166666667
1816,2025-10-22,4,121634.7177683841,91633.3727652883,91633.3727652883,129982.856168,93.57750810704904,297.99999999999994,339.99375000000003,41.99375
1817,2025-10-23,4,31768.838785492775,48585.95689142722,48585.95689142722,51494.74993802044,61.693354805548225,377.73333333333335,357.79062500000003,-19.942708333333332
1818,2025-10-24,4,100601.59659933699,50734.07560355645,50734.07560355645,107263.14472767999,93.78952747912123,357.2541666666666,388.1427083333333,30.88854166666667
1819,2025-10-25,4,25505.468467736904,16082.212219041841,16082.212219041841,33948.28079999999,75.13036850966812,384.0333333333333,427.684375,43.65104166666666
1820,2025-10-26,4,29635.402611369238,53913.84090074312,53913.84090074312,32121.810429919416,92.25944059418815,361.4750000000001,390.8458333333333,29.370833333333326
1821,2025-10-27,4,102488.22590888164,68833.68199559399,68833.68199559399,116849.12174290001,87.70988123846041,281.8125,271.43854166666665,-10.37395833333333
1822,2025-10-28,4,22282.246188302935,40492.68075523349,40492.68075523349,64874.97396090439,34.34644336309235,376.9708333333333,337.2375,-39.73333333333334
1823,2025-10-29,4,123920.07874437125,25251.053735075366,25251.053735075366,151112.38969372676,82.00524059974921,318.01666666666665,310.03125,-7.985416666666665
1824,2025-10-30,4,20427.873174726457,27956.918440022135,27956.918440022135,80987.72124864896,25.2234201182284,422.3374999999999,377.1989583333334,-45.13854166666666
1825,2025-10-31,4,28225.27172188679,30985.508163710332,30985.508163710332,34375.1958,82.10941367754127,382.25,382.2364583333333,-0.013541666666667377
1826,2025-11-01,4,116418.94943184675,110032.12593059345,110032.12593059345,134722.55893568078,86.41384958210857,324.8458333333333,277.84791666666666,-46.99791666666666
1827,2025-11-02,4,119794.46495233687,88178.9279545146,88178.9279545146,183818.88992740726,65.16983374213903,247.5916666666666,287.08125,39.489583333333336
1828,2025-11-03,4,111616.44780041529,39787.46973295035,39787.46973295035,134315.4393228,83.1002365499976,307.7416666666666,312.053125,4.311458333333332
1829,2025-11-04,4,113743.34143944239,54073.37127581849,54073.37127581849,142902.41602563512,79.59511434644891,343.5666666666666,309.0802083333333,-34.48645833333334
1830,2025-11-05,4,131142.60801140295,74116.2156223453,74116.2156223453,142834.36002653884,91.81446816230803,309.9583333333333,313.7791666666667,3.8208333333333346
1831,2025-11-06,4,23700.039474400757,17389.843088057336,17389.843088057336,30865.9545,76.78375692026876,352.2083333333333,393.746875,41.53854166666667
1832,2025-11-07,4,26642.759951877317,27977.60025074524,27977.60025074524,35058.92490087488,75.99422979229023,359.5416666666667,348.4145833333334,-11.12708333333334
1833,2025-11-08,4,102809.748416608,55518.620134208904,55518.620134208904,157448.7505171287,65.29727805329482,438.5291666666667,454.1770833333333,15.647916666666665
1834,2025-11-09,4,110327.55048068092,109637.0063977991,109637.0063977991,129567.95460560001,85.15033737818418,329.05833333333334,284.8229166666667,-44.23541666666665
1835,2025-11-10,4,106004.60302798881,40072.20705331716,40072.20705331716,118271.47036229998,89.62821101594984,278.69166666666666,348.5041666666666,69.8125
1836,2025-11-11,4,108013.64721679667,100805.86789674714,100805.86789674714,124095.46720527037,87.04076760364484,355.1208333333334,296.1541666666667,-58.96666666666667
1837,2025-11-12,4,107907.0539921482,72777.72587627383,72777.72587627383,123484.2183745529,87.38529944356453,296.91249999999997,296.47291666666666,-0.43958333333333083
1838,2025-11-13,4,129325.09071291346,82779.56267720248,82779.56267720248,142055.8891283812,91.03817624627835,319.9791666666667,297.16458333333327,-22.81458333333333
1839,2025-11-14,4,113149.01347397387,56440.09637700749,56440.09637700749,135600.52612294033,83.44290152044756,310.83750000000003,302.046875,-8.790624999999991
1840,2025-11-15,4,-2772.97909581112,63201.99988941814,63201.99988941814,47787.59417828607,-5.802717511715871,351.425,299.76875,-51.65624999999999
1841,2025-11-16,4,38424.52669997575,-2172.1304174839283,-2172.1304174839283,106406.4995446,36.111071094740986,46.158333333333324,144.5510416666667,98.39270833333335
1842,2025-11-17,4,85819.82508726678,48187.65215614104,48187.65215614104,149259.73752256387,57.49696904987069,214.9958333333333,261.825,46.82916666666667
1843,2025-11-18,4,90981.16494343313,52358.35129815115,52358.35129815115,130155.20928884149,69.90205420170852,245.30416666666665,218.94583333333335,-26.358333333333334
1844,2025-11-19,4,99276.39986176873,61728.87449982292,61728.87449982292,126159.46222601857,78.69120406039144,278.93749999999994,271.01666666666665,-7.92083333333333
1845,2025-11-20,4,116548.6674021577,53852.5098445557,53852.5098445557,125619.41635015741,92.77918238155519,252.96666666666667,297.38437500000003,44.41770833333333
1846,2025-11-21,4,113001.2859079983,71218.30304001793,71218.30304001793,131551.71181539135,85.8987574913315,326.4791666666667,278.58958333333334,-47.88958333333333
1847,2025-11-22,4,97724.88890214398,61368.02678444503,61368.02678444503,116249.43659270155,84.06482798238302,266.94166666666666,266.171875,-0.76979166666667
1848,2025-11-23,4,19468.420175109095,32002.124278478976,32002.124278478976,52409.11218782005,37.147013872968415,324.4583333333333,302.45312499999994,-22.005208333333332
1849,2025-11-24,4,45568.15197268895,10169.847062516073,10169.847062516073,121110.19355423466,37.625364666173176,150.65416666666667,162.97395833333331,12.319791666666665
1850,2025-11-25,4,143731.7420488711,80015.6924134721,80015.6924134721,158752.08277449996,90.53849218031075,191.89166666666665,236.6989583333333,44.80729166666668
1851,2025-11-26,4,56555.67318784442,-44286.97681073996,-44286.97681073996,125385.14999553651,45.1055593025631,214.2833333333333,215.98125000000002,1.6979166666666694
1852,2025-11-27,4,83317.95168954885,52772.08860545483,52772.08860545483,128057.57882134555,65.06288222564834,146.51666666666668,85.79895833333335,-60.71770833333333
1853,2025-11-28,4,83895.80718519764,62608.96597579319,62608.96597579319,117680.39611522212,71.29123452563363,234.29583333333335,209.83124999999995,-24.464583333333337
1854,2025-11-29,4,91910.0583854601,35555.66422149363,35555.66422149363,119256.21401336153,77.06940820304965,312.84583333333336,274.17604166666666,-38.66979166666667
1855,2025-11-30,4,25762.543893789392,-22961.8857723158,-22961.8857723158,126158.0331044451,20.420850943721366,181.79583333333335,170.68854166666665,-11.107291666666669
1856,2025-12-01,4,43206.544984193104,5527.778317374299,5527.778317374299,106708.91625446116,40.49009820431643,319.49583333333334,316.6666666666667,-2.8291666666666697
1857,2025-12-02,4,39923.416454549384,22924.443182402236,22924.443182402236,130788.46305875559,30.525182054180217,224.07499999999996,306.9927083333334,82.91770833333334
1858,2025-12-03,4,92435.06735025613,38396.73403394435,38396.73403394435,131506.89162530002,70.28914318317973,284.9666666666667,257.7708333333333,-27.19583333333333
1859,2025-12-04,4,92422.62103528617,87062.32844760409,87062.32844760409,110741.54833264157,83.45794548372247,279.7916666666667,257.2572916666667,-22.534374999999997
1860,2025-12-05,4,43059.65737617792,-5463.910322401182,-5463.910322401182,115205.97548156834,37.3762360816666,220.10833333333335,210.71041666666667,-9.397916666666658
1861,2025-12-06,4,38470.66399631707,29083.005107511333,29083.005107511333,83550.596648533,46.044750773174215,203.00833333333335,144.98645833333333,-58.021875000000016
1862,2025-12-07,4,87835.61094720986,83334.54918519975,83334.54918519975,100393.26231148941,87.49153969584431,303.6375,229.05416666666665,-74.58333333333333
1863,2025-12-08,4,71848.49226477179,39766.21940964162,39766.21940964162,92512.46589063179,77.66357925180706,308.24583333333334,324.0208333333333,15.775000000000006
1864,2025-12-09,4,18462.85943078,30358.691770211866,30358.691770211866,32215.0059,57.31136442467639,362.37916666666666,316.05416666666673,-46.324999999999996
1865,2025-12-10,4,26121.225934886686,18138.775086142086,18138.775086142086,46124.61920878014,56.63185167264066,303.5416666666667,298.253125,-5.288541666666667
1866,2025-12-11,4,34828.59376796458,15613.270172306311,15613.270172306311,159341.79450355275,21.85778933673803,116.73333333333335,141.70208333333332,24.96874999999999
1867,2025-12-12,4,26656.354886566878,22423.22067248656,22423.22067248656,40320.631350310956,66.11095608839295,343.8333333333333,423.52291666666673,79.68958333333335
1868,2025-12-13,4,21472.832605822707,-3087.36997596079,-3087.36997596079,72778.00713943291,29.504562504279125,349.92083333333335,454.08125,104.16041666666668
1869,2025-12-14,4,58665.70509034362,20048.01570766838,20048.01570766838,128874.64588011618,45.52152573510585,230.89583333333334,326.09479166666665,95.19895833333334
1870,2025-12-15,4,85547.71111918203,18160.42509369874,18160.42509369874,113624.47121943085,75.28986511538773,231.3041666666667,312.39895833333327,81.09479166666665
1871,2025-12-16,4,21243.37789332665,18748.175948018335,18748.175948018335,43002.8961578792,49.39987719742066,328.3125,321.8541666666667,-6.458333333333336
1872,2025-12-17,4,72191.20898512701,42856.62273255296,42856.62273255296,101463.68834026059,71.14979769218746,267.38333333333327,283.5416666666667,16.158333333333335
1873,2025-12-18,4,10045.509801872036,-32154.97239385159,-32154.97239385159,81100.75634652717,12.386456371565266,69.38333333333334,111.32083333333333,41.93750000000001
1874,2025-12-19,4,32607.41393203752,25042.831081760305,25042.831081760305,104719.03091568395,31.138001991530896,245.67916666666667,185.10416666666666,-60.57499999999999
1875,2025-12-20,4,36515.248075756295,22335.147930460636,22335.147930460636,142336.2869314671,25.654208679293333,218.85000000000002,314.39687499999997,95.54687500000001
1876,2025-12-21,4,34291.465513318224,21361.16638680932,21361.16638680932,120004.85260710001,28.57506573137476,176.61666666666665,231.2052083333333,54.588541666666664
1877,2025-12-22,4,12103.572054090855,11478.601973813638,11478.601973813638,80721.80547924529,14.994179060084148,347.625,322.7354166666667,-24.88958333333333
1878,2025-12-23,4,21465.394764581004,-18709.29378814694,-18709.29378814694,40864.78311746601,52.52785681714896,316.78333333333336,308.6375,-8.145833333333337
1879,2025-12-24,4,55159.91191149784,8644.4762801033,8644.4762801033,101027.95320625519,54.598663202534915,221.82499999999996,257.9197916666667,36.094791666666666
1880,2025-12-25,4,59243.65356215137,54782.15304333615,54782.15304333615,79447.13523752107,74.56990536541328,74.10416666666667,89.02708333333332,14.922916666666671
1881,2025-12-26,4,34714.662607983555,20123.941993525877,20123.941993525877,103917.9383456,33.405842302734065,231.5625,296.84999999999997,65.28750000000001
1882,2025-12-27,4,83176.11066038579,73338.64148281016,73338.64148281016,106738.20653870013,77.92534028593462,278.9375,263.1166666666667,-15.820833333333335
1883,2025-12-28,4,55361.17985003688,43821.555887540846,43821.555887540846,120065.66112029312,46.10908675593001,184.07499999999996,201.89583333333334,17.820833333333333
1884,2025-12-29,4,93932.5884828302,42365.32232640349,42365.32232640349,137763.23479133367,68.18407583496962,227.9333333333333,293.5833333333333,65.64999999999999
1885,2025-12-30,4,51927.39212099927,30029.073105359956,30029.073105359956,111629.29186454327,46.517711663002075,219.9125,292.52916666666664,72.61666666666666
1886,2025-12-31,4,59943.471213263416,32157.289886326544,32157.289886326544,133868.84943386982,44.777759326956065,178.02083333333334,293.6958333333334,115.675
